,title,price,original_price,discount,star,review,description
0,"Motorola Edge 50 Fusion (Hot Pink, 128 GB)","₹22,999","₹25,999",11% off,4.5,"24,505 Ratings & 1,465 Reviews",8 GB RAM | 128 GB ROM17.02 cm (6.7 inch) Full HD+ Display50MP + 13MP | 32MP Front Camera5000 mAh Battery7s Gen 2 Processor1 Year on Handset and 6 Months on Accessories
1,"Motorola G34 5G (Ice Blue, 128 GB)","₹11,999","₹14,999",20% off,4.2,"1,06,420 Ratings & 7,385 Reviews",8 GB RAM | 128 GB ROM16.51 cm (6.5 inch) HD+ Display50MP + 2MP | 16MP Front Camera5000 mAh BatterySnapdragon 695 5G Processor1 Year on Handset and 6 Months on Accessories
2,"vivo T3x 5G (Celestial Green, 128 GB)","₹14,999","₹18,999",21% off,4.5,"37,077 Ratings & 1,139 Reviews",6 GB RAM | 128 GB ROM | Expandable Upto 1 TB17.07 cm (6.72 inch) Full HD+ Display50MP + 2MP | 8MP Front Camera6000 mAh Battery6 Gen 1 Processor1 Year Manufacturer Warranty for Device and 6 Months Manufacturer Warranty for Inbox Accessories
3,"POCO M6 Pro 5G (Power Black, 128 GB)","₹9,999","₹16,999",41% off,4.2,"1,15,856 Ratings & 7,124 Reviews",6 GB RAM | 128 GB ROM | Expandable Upto 1 TB17.25 cm (6.79 inch) Full HD+ Display50MP + 2MP | 8MP Front Camera5000 mAh BatterySnapdragon 4 Gen 2 Processor1 Year Manufacturer Warranty for Phone and 6 Months Warranty for In the Box Accessories
4,"Apple iPhone 15 (Black, 128 GB)","₹71,999","₹79,900",9% off,4.6,"43,305 Ratings & 2,336 Reviews","128 GB ROM15.49 cm (6.1 inch) Super Retina XDR Display48MP + 12MP | 12MP Front CameraA16 Bionic Chip, 6 Core Processor Processor1 Year Warranty for Phone and 6 Months Warranty for In-Box Accessories"
5,"Motorola G34 5G (Charcoal Black, 128 GB)","₹11,999","₹14,999",20% off,4.2,"1,06,420 Ratings & 7,385 Reviews",8 GB RAM | 128 GB ROM16.51 cm (6.5 inch) HD+ Display50MP + 2MP | 16MP Front Camera5000 mAh BatterySnapdragon 695 5G Processor1 Year on Handset and 6 Months on Accessories
6,"POCO C65 (Pastel Blue, 128 GB)","₹6,999","₹10,999",36% off,4.3,"36,708 Ratings & 1,960 Reviews",4 GB RAM | 128 GB ROM | Expandable Upto 1 TB17.12 cm (6.74 inch) HD+ Display50MP + AI Lens + 2MP | 8MP Front Camera5000 mAh BatteryHelio G85 Processor1 Year Manufacturer Warranty for Phone and 6 Months Warranty for in the Box Accessories
7,"vivo T3x 5G (Crimson Bliss, 128 GB)","₹13,499","₹17,499",22% off,4.5,"11,216 Ratings & 357 Reviews",4 GB RAM | 128 GB ROM | Expandable Upto 1 TB17.07 cm (6.72 inch) Full HD+ Display50MP + 2MP | 8MP Front Camera6000 mAh Battery6 Gen 1 Processor1 Year Manufacturer Warranty for Device and 6 Months Manufacturer Warranty for Inbox Accessories
8,"vivo T3x 5G (Celestial Green, 128 GB)","₹13,499","₹17,499",22% off,4.5,"11,216 Ratings & 357 Reviews",4 GB RAM | 128 GB ROM | Expandable Upto 1 TB17.07 cm (6.72 inch) Full HD+ Display50MP + 2MP | 8MP Front Camera6000 mAh Battery6 Gen 1 Processor1 Year Manufacturer Warranty for Device and 6 Months Manufacturer Warranty for Inbox Accessories
9,"vivo T3x 5G (Celestial Green, 128 GB)","₹16,499","₹20,499",19% off,4.4,"8,328 Ratings & 375 Reviews",8 GB RAM | 128 GB ROM | Expandable Upto 1 TB17.07 cm (6.72 inch) Full HD+ Display50MP + 2MP | 8MP Front Camera6000 mAh Battery6 Gen 1 Processor1 Year Manufacturer Warranty for Device and 6 Months Manufacturer Warranty for Inbox Accessories
10,"Nokia 105 Single SIM, Keypad Mobile Phone with Wireless FM Radio","₹1,390","₹1,599",13% off,4.1,"1,06,392 Ratings & 6,601 Reviews",32 MB RAM | 32 MB ROM4.5 cm (1.77 inch) Display0MP | 0MP Front Camera1000 mAh BatterySC6531E Processor1 Year Replacement Warranty for Device and 6 Months Manufacturer Warranty for Inbox Accessories Including Battery from the Date of Purchase
11,"vivo T3x 5G (Crimson Bliss, 128 GB)","₹14,999","₹18,999",21% off,4.5,"37,077 Ratings & 1,139 Reviews",6 GB RAM | 128 GB ROM | Expandable Upto 1 TB17.07 cm (6.72 inch) Full HD+ Display50MP + 2MP | 8MP Front Camera6000 mAh Battery6 Gen 1 Processor1 Year Manufacturer Warranty for Device and 6 Months Manufacturer Warranty for Inbox Accessories
12,"Nokia 105 Single SIM, Keypad Mobile Phone with Wireless FM Radio","₹1,358","₹1,599",15% off,4.1,"1,06,392 Ratings & 6,601 Reviews",32 MB RAM | 32 MB ROM4.5 cm (1.77 inch) Display0MP | 0MP Front Camera1000 mAh BatterySC6531E Processor1 Year Replacement Warranty for Device and 6 Months Manufacturer Warranty for Inbox Accessories Including Battery from the Date of Purchase
13,"Nokia 105 Single SIM, Keypad Mobile Phone with Wireless FM Radio","₹1,283","₹1,599",19% off,4.1,"1,06,392 Ratings & 6,601 Reviews",32 MB RAM | 32 MB ROM4.5 cm (1.77 inch) Display0MP | 0MP Front Camera1000 mAh BatterySC6531E ProcessorNO Warranty
14,"vivo T3x 5G (Crimson Bliss, 128 GB)","₹16,499","₹20,499",19% off,4.4,"8,328 Ratings & 375 Reviews",8 GB RAM | 128 GB ROM | Expandable Upto 1 TB17.07 cm (6.72 inch) Full HD+ Display50MP + 2MP | 8MP Front Camera6000 mAh Battery6 Gen 1 Processor1 Year Manufacturer Warranty for Device and 6 Months Manufacturer Warranty for Inbox Accessories
15,"Motorola g64 5G (Pearl Blue, 128 GB)","₹14,999","₹17,999",16% off,4.2,"18,729 Ratings & 988 Reviews",8 GB RAM | 128 GB ROM | Expandable Upto 1 TB16.51 cm (6.5 inch) Full HD+ Display50MP (OIS) + 8MP | 16MP Front Camera6000 mAh BatteryDimensity 7025 Processor1 Year on Handset and 6 Months on Accessories
16,"POCO C65 (Matte Black, 128 GB)","₹6,999","₹10,999",36% off,4.3,"36,708 Ratings & 1,960 Reviews",4 GB RAM | 128 GB ROM | Expandable Upto 1 TB17.12 cm (6.74 inch) HD+ Display50MP + AI Lens + 2MP | 8MP Front Camera5000 mAh BatteryHelio G85 Processor1 Year Manufacturer Warranty for Phone and 6 Months Warranty for in the Box Accessories
17,"Motorola g64 5G (Ice Lilac, 128 GB)","₹14,999","₹17,999",16% off,4.2,"18,729 Ratings & 988 Reviews",8 GB RAM | 128 GB ROM | Expandable Upto 1 TB16.51 cm (6.5 inch) Full HD+ Display50MP (OIS) + 8MP | 16MP Front Camera6000 mAh BatteryDimensity 7025 Processor1 Year on Handset and 6 Months on Accessories
18,"Motorola Edge 50 Fusion (Marshmallow Blue, 256 GB)","₹24,999","₹27,999",10% off,4.5,"19,990 Ratings & 1,343 Reviews",12 GB RAM | 256 GB ROM17.02 cm (6.7 inch) Full HD+ Display50MP + 13MP | 32MP Front Camera5000 mAh Battery7s Gen 2 Processor1 Year on Handset and 6 Months on Accessories
19,"Motorola g04s (Satin Blue, 64 GB)","₹6,999","₹9,999",30% off,4.2,"7,600 Ratings & 422 Reviews",4 GB RAM | 64 GB ROM | Expandable Upto 1 TB16.76 cm (6.6 inch) HD+ Display50MP Rear Camera | 5MP Front Camera5000 mAh BatteryT606 Processor1 Year on Handset and 6 Months on Accessories
20,"Apple iPhone 15 (Blue, 128 GB)","₹71,999","₹79,900",9% off,4.6,"43,305 Ratings & 2,336 Reviews","128 GB ROM15.49 cm (6.1 inch) Super Retina XDR Display48MP + 12MP | 12MP Front CameraA16 Bionic Chip, 6 Core Processor Processor1 Year Warranty for Phone and 6 Months Warranty for In-Box Accessories"
21,"SAMSUNG Galaxy S23 FE (Mint, 128 GB)","₹44,999","₹79,999",43% off,4.3,"9,896 Ratings & 649 Reviews",8 GB RAM | 128 GB ROM16.26 cm (6.4 inch) Full HD+ Display50MP + 12MP | 10MP Front Camera4500 mAh BatterySamsung Exynos 2200 Processor1 Year Manufacturer Warranty for Device and 6 Months for In-Box Accessories
22,"Motorola Edge 50 Pro 5G with 68W Charger (Luxe Lavender, 256 GB)","₹31,999","₹36,999",13% off,4.4,"20,867 Ratings & 1,831 Reviews",8 GB RAM | 256 GB ROM17.02 cm (6.7 inch) Display50MP + 13MP + 10MP | 50MP Front Camera4500 mAh Battery7 Gen 3 Mobile Platform Processor1 Year on Handset and 6 Months on Accessories
23,"REDMI 13C (Stardust Black, 128 GB)","₹7,699","₹11,999",35% off,4.2,"31,262 Ratings & 1,309 Reviews",4 GB RAM | 128 GB ROM | Expandable Upto 1 TB17.12 cm (6.74 inch) HD+ Display50MP Rear Camera | 8MP Front Camera5000 mAh BatteryHelio G85 Processor1 Year Manufacturer Warranty for Phone and 6 Months Warranty for In the Box Accessories
24,"realme 12x 5G (Twilight Purple, 128 GB)","₹14,999","₹18,999",21% off,4.4,"4,793 Ratings & 209 Reviews",8 GB RAM | 128 GB ROM | Expandable Upto 2 TB17.07 cm (6.72 inch) Full HD+ Display50MP + 2MP | 8MP Front Camera5000 mAh BatteryDimensity 6100+ Processor1 Year Manufacturer Warranty for Device and 6 Months Manufacturer Warranty for Inbox Accessories
25,"realme 12x 5G (Woodland Green, 128 GB)","₹14,999","₹18,999",21% off,4.4,"4,793 Ratings & 209 Reviews",8 GB RAM | 128 GB ROM | Expandable Upto 2 TB17.07 cm (6.72 inch) Full HD+ Display50MP + 2MP | 8MP Front Camera5000 mAh BatteryDimensity 6100+ Processor1 Year Manufacturer Warranty for Device and 6 Months Manufacturer Warranty for Inbox Accessories
26,"Motorola g64 5G (Ice Lilac, 256 GB)","₹16,999","₹19,999",15% off,4.2,"11,533 Ratings & 693 Reviews",12 GB RAM | 256 GB ROM | Expandable Upto 1 TB16.51 cm (6.5 inch) Full HD+ Display50MP (OIS) + 8MP | 16MP Front Camera6000 mAh BatteryDimensity 7025 Processor1 Year on Handset and 6 Months on Accessories
27,"POCO C65 (Pastel Green, 128 GB)","₹6,999","₹10,999",36% off,4.3,"36,708 Ratings & 1,960 Reviews",4 GB RAM | 128 GB ROM | Expandable Upto 1 TB17.12 cm (6.74 inch) HD+ Display50MP + AI Lens + 2MP | 8MP Front Camera5000 mAh BatteryHelio G85 Processor1 Year Manufacturer Warranty for Phone and 6 Months Warranty for in the Box Accessories
28,"realme 12x 5G (Woodland Green, 128 GB)","₹13,499","₹17,999",25% off,4.4,"36,342 Ratings & 1,669 Reviews",6 GB RAM | 128 GB ROM | Expandable Upto 2 TB17.07 cm (6.72 inch) Full HD+ Display50MP + 2MP | 8MP Front Camera5000 mAh BatteryDimensity 6100+ Processor1 Year Manufacturer Warranty for Device and 6 Months Manufacturer Warranty for Inbox Accessories
29,"POCO C65 (Pastel Blue, 128 GB)","₹7,499","₹11,999",37% off,4.2,"11,352 Ratings & 590 Reviews",6 GB RAM | 128 GB ROM | Expandable Upto 1 TB17.12 cm (6.74 inch) HD+ Display50MP + AI Lens + 2MP | 8MP Front Camera5000 mAh BatteryHelio G85 Processor1 Year Manufacturer Warranty for Phone and 6 Months Warranty for in the Box Accessories
30,"Motorola Edge 50 Fusion (Marshmallow Blue, 256 GB)","₹24,999","₹27,999",10% off,4.5,"19,990 Ratings & 1,343 Reviews",12 GB RAM | 256 GB ROM17.02 cm (6.7 inch) Full HD+ Display50MP + 13MP | 32MP Front Camera5000 mAh Battery7s Gen 2 Processor1 Year on Handset and 6 Months on Accessories
31,"Motorola g64 5G (Mint Green, 128 GB)","₹14,999","₹17,999",16% off,4.2,"18,729 Ratings & 988 Reviews",8 GB RAM | 128 GB ROM | Expandable Upto 1 TB16.51 cm (6.5 inch) Full HD+ Display50MP (OIS) + 8MP | 16MP Front Camera6000 mAh BatteryDimensity 7025 Processor1 Year on Handset and 6 Months on Accessories
32,"Motorola G34 5G (Charcoal Black, 128 GB)","₹11,999","₹14,999",20% off,4.2,"1,06,420 Ratings & 7,385 Reviews",8 GB RAM | 128 GB ROM16.51 cm (6.5 inch) HD+ Display50MP + 2MP | 16MP Front Camera5000 mAh BatterySnapdragon 695 5G Processor1 Year on Handset and 6 Months on Accessories
33,"Motorola Edge 50 Fusion (Hot Pink, 256 GB)","₹24,999","₹27,999",10% off,4.5,"19,990 Ratings & 1,343 Reviews",12 GB RAM | 256 GB ROM17.02 cm (6.7 inch) Full HD+ Display50MP + 13MP | 32MP Front Camera5000 mAh Battery7s Gen 2 Processor1 Year on Handset and 6 Months on Accessories
34,"REDMI 13C (Starshine Green, 128 GB)","₹7,699","₹11,999",35% off,4.2,"31,262 Ratings & 1,309 Reviews",4 GB RAM | 128 GB ROM | Expandable Upto 1 TB17.12 cm (6.74 inch) HD+ Display50MP Rear Camera | 8MP Front Camera5000 mAh BatteryHelio G85 Processor1 Year Manufacturer Warranty for Phone and 6 Months Warranty for In the Box Accessories
35,"SAMSUNG Galaxy S23 FE (Graphite, 128 GB)","₹44,999","₹79,999",43% off,4.3,"9,896 Ratings & 649 Reviews",8 GB RAM | 128 GB ROM16.26 cm (6.4 inch) Full HD+ Display50MP + 12MP | 10MP Front Camera4500 mAh BatterySamsung Exynos 2200 Processor1 Year Manufacturer Warranty for Device and 6 Months for In-Box Accessories
36,"realme P1 5G (Peacock Green, 128 GB)","₹16,999","₹21,999",22% off,4.3,"10,355 Ratings & 574 Reviews",8 GB RAM | 128 GB ROM | Expandable Upto 2 TB16.94 cm (6.67 inch) Full HD+ Display50MP + 2MP | 16MP Front Camera5000 mAh BatteryDimensity 7050 Processor1 Year Manufacturer Warranty for Device and 6 Months Manufacturer Warranty for Inbox Accessories
37,"Motorola Edge 50 Fusion (Forest Blue, 128 GB)","₹22,999","₹25,999",11% off,4.5,"24,505 Ratings & 1,465 Reviews",8 GB RAM | 128 GB ROM17.02 cm (6.7 inch) Full HD+ Display50MP + 13MP | 32MP Front Camera5000 mAh Battery7s Gen 2 Processor1 Year on Handset and 6 Months on Accessories
38,"POCO C65 (Matte Black, 128 GB)","₹7,499","₹11,999",37% off,4.2,"11,352 Ratings & 590 Reviews",6 GB RAM | 128 GB ROM | Expandable Upto 1 TB17.12 cm (6.74 inch) HD+ Display50MP + AI Lens + 2MP | 8MP Front Camera5000 mAh BatteryHelio G85 Processor1 Year Manufacturer Warranty for Phone and 6 Months Warranty for in the Box Accessories
39,"Motorola Edge 50 Pro 5G with 68W Charger (Black Beauty, 256 GB)","₹31,999","₹36,999",13% off,4.4,"20,867 Ratings & 1,831 Reviews",8 GB RAM | 256 GB ROM17.02 cm (6.7 inch) Display50MP + 13MP + 10MP | 50MP Front Camera4500 mAh Battery7 Gen 3 Mobile Platform Processor1 Year on Handset and 6 Months on Accessories
40,"realme P1 5G (Peacock Green, 128 GB)","₹15,999","₹20,999",23% off,4.3,"20,996 Ratings & 1,324 Reviews",6 GB RAM | 128 GB ROM | Expandable Upto 2 TB16.94 cm (6.67 inch) Full HD+ Display50MP + 2MP | 16MP Front Camera5000 mAh BatteryDimensity 7050 Processor1 Year Manufacturer Warranty for Device and 6 Months Manufacturer Warranty for Inbox Accessories
41,"REDMI 13C (Starfrost White, 128 GB)","₹7,699","₹11,999",35% off,4.2,"31,262 Ratings & 1,309 Reviews",4 GB RAM | 128 GB ROM | Expandable Upto 1 TB17.12 cm (6.74 inch) HD+ Display50MP Rear Camera | 8MP Front Camera5000 mAh BatteryHelio G85 Processor1 Year Manufacturer Warranty for Phone and 6 Months Warranty for In the Box Accessories
42,"REDMI 13C (Starfrost White, 128 GB)","₹8,499","₹13,999",39% off,4.2,"10,033 Ratings & 413 Reviews",6 GB RAM | 128 GB ROM | Expandable Upto 1 TB17.12 cm (6.74 inch) HD+ Display50MP Rear Camera | 8MP Front Camera5000 mAh BatteryHelio G85 Processor1 Year Manufacturer Warranty for Phone and 6 Months Warranty for In the Box Accessories
43,"Motorola G85 5G (Urban Grey, 128 GB)","₹17,999","₹20,999",14% off,4.5,"6,166 Ratings & 335 Reviews",8 GB RAM | 128 GB ROM16.94 cm (6.67 inch) Full HD+ Display50MP + 8MP | 32MP Front Camera5000 mAh Battery6s Gen 3 Processor1 Year on Handset and 6 Months on Accessories
44,"realme P1 5G (Phoenix Red, 128 GB)","₹16,999","₹21,999",22% off,4.3,"10,355 Ratings & 574 Reviews",8 GB RAM | 128 GB ROM | Expandable Upto 2 TB16.94 cm (6.67 inch) Full HD+ Display50MP + 2MP | 16MP Front Camera5000 mAh BatteryDimensity 7050 Processor1 Year Manufacturer Warranty for Device and 6 Months Manufacturer Warranty for Inbox Accessories
45,"realme P1 5G (Phoenix Red, 256 GB)","₹18,999","₹22,999",17% off,4.3,"10,355 Ratings & 574 Reviews",8 GB RAM | 256 GB ROM | Expandable Upto 2 TB16.94 cm (6.67 inch) Full HD+ Display50MP + 2MP | 16MP Front Camera5000 mAh BatteryDimensity 7050 Processor1 Year Manufacturer Warranty for Device and 6 Months Manufacturer Warranty for Inbox Accessories
46,"realme P1 5G (Peacock Green, 256 GB)","₹18,999","₹22,999",17% off,4.3,"10,355 Ratings & 574 Reviews",8 GB RAM | 256 GB ROM | Expandable Upto 2 TB16.94 cm (6.67 inch) Full HD+ Display50MP + 2MP | 16MP Front Camera5000 mAh BatteryDimensity 7050 Processor1 Year Manufacturer Warranty for Device and 6 Months Manufacturer Warranty for Inbox Accessories
47,"Apple iPhone 15 (Green, 128 GB)","₹71,999","₹79,900",9% off,4.6,"43,305 Ratings & 2,336 Reviews","128 GB ROM15.49 cm (6.1 inch) Super Retina XDR Display48MP + 12MP | 12MP Front CameraA16 Bionic Chip, 6 Core Processor Processor1 Year Warranty for Phone and 6 Months Warranty for In-Box Accessories"
48,"realme P1 5G (Phoenix Red, 128 GB)","₹15,999","₹20,999",23% off,4.3,"20,996 Ratings & 1,324 Reviews",6 GB RAM | 128 GB ROM | Expandable Upto 2 TB16.94 cm (6.67 inch) Full HD+ Display50MP + 2MP | 16MP Front Camera5000 mAh BatteryDimensity 7050 Processor1 Year Manufacturer Warranty for Device and 6 Months Manufacturer Warranty for Inbox Accessories
49,"Apple iPhone 15 (Green, 128 GB)","₹71,999","₹79,900",9% off,4.6,"43,305 Ratings & 2,336 Reviews","128 GB ROM15.49 cm (6.1 inch) Super Retina XDR Display48MP + 12MP | 12MP Front CameraA16 Bionic Chip, 6 Core Processor Processor1 Year Warranty for Phone and 6 Months Warranty for In-Box Accessories"
50,"Apple iPhone 14 Plus (Blue, 128 GB)","₹58,999","₹79,900",26% off,4.6,"75,463 Ratings & 4,224 Reviews","128 GB ROM17.02 cm (6.7 inch) Super Retina XDR Display12MP + 12MP | 12MP Front CameraA15 Bionic Chip, 6 Core Processor Processor1 Year Warranty for Phone and 6 Months Warranty for In-Box Accessories"
51,"Motorola g04s (Sea Green, 64 GB)","₹6,999","₹9,999",30% off,4.2,"7,600 Ratings & 422 Reviews",4 GB RAM | 64 GB ROM | Expandable Upto 1 TB16.76 cm (6.6 inch) HD+ Display50MP Rear Camera | 5MP Front Camera5000 mAh BatteryT606 Processor1 Year on Handset and 6 Months on Accessories
52,"Motorola G85 5G (Cobalt Blue, 128 GB)","₹17,999","₹20,999",14% off,4.5,"6,166 Ratings & 335 Reviews",8 GB RAM | 128 GB ROM16.94 cm (6.67 inch) Full HD+ Display50MP + 8MP | 32MP Front Camera5000 mAh Battery6s Gen 3 Processor1 Year on Handset and 6 Months on Accessories
53,"Motorola g04s (Concord Black, 64 GB)","₹6,999","₹9,999",30% off,4.2,"7,600 Ratings & 422 Reviews",4 GB RAM | 64 GB ROM | Expandable Upto 1 TB16.76 cm (6.6 inch) HD+ Display50MP Rear Camera | 5MP Front Camera5000 mAh BatteryT606 Processor1 Year on Handset and 6 Months on Accessories
54,"OnePlus Nord CE 3 Lite 5G (Pastel Lime, 256 GB)","₹18,178","₹21,999",17% off,4.4,"99,923 Ratings & 5,350 Reviews",8 GB RAM | 256 GB ROM17.07 cm (6.72 inch) Display108MP Rear Camera5000 mAh BatteryDomestic Warranty of 12 months on phone & 6 months on accessories
55,"SAMSUNG Galaxy S23 5G (Green, 256 GB)","₹60,999","₹95,999",36% off,4.5,"11,289 Ratings & 1,065 Reviews",8 GB RAM | 256 GB ROM15.49 cm (6.1 inch) Full HD+ Display50MP + 10MP + 12MP | 12MP Front Camera3900 mAh Lithium Ion BatteryQualcomm Snapdragon 8 Gen 2 Processor1 Year Manufacturer Warranty for Device and 6 Months Manufacturer Warranty for In-Box Accessories
56,"realme 12x 5G (Woodland Green, 128 GB)","₹11,999","₹16,999",29% off,4.1,"7,036 Ratings & 413 Reviews",4 GB RAM | 128 GB ROM | Expandable Upto 2 TB17.07 cm (6.72 inch) Full HD+ Display50MP + 2MP | 8MP Front Camera5000 mAh BatteryDimensity 6100+ Processor1 Year Manufacturer Warranty for Device and 6 Months Manufacturer Warranty for Inbox Accessories
57,"Motorola G34 5G (Ocean Green, 128 GB)","₹11,999","₹14,999",20% off,4.2,"1,06,420 Ratings & 7,385 Reviews",8 GB RAM | 128 GB ROM16.51 cm (6.5 inch) HD+ Display50MP + 2MP | 16MP Front Camera5000 mAh BatterySnapdragon 695 5G ProcessorVegan Leather Design1 Year on Handset and 6 Months on Accessories
58,"Motorola g64 5G (Pearl Blue, 256 GB)","₹16,999","₹19,999",15% off,4.2,"11,533 Ratings & 693 Reviews",12 GB RAM | 256 GB ROM | Expandable Upto 1 TB16.51 cm (6.5 inch) Full HD+ Display50MP (OIS) + 8MP | 16MP Front Camera6000 mAh BatteryDimensity 7025 Processor1 Year on Handset and 6 Months on Accessories
59,"POCO C61 (Mystical Green, 64 GB)","₹6,499","₹8,999",27% off,4.2,"11,301 Ratings & 354 Reviews",4 GB RAM | 64 GB ROM | Expandable Upto 1 TB17.04 cm (6.71 inch) HD+ Display8MP Rear Camera | 5MP Front Camera5000 mAh BatteryHelio G36 Processor1 Year Manufacturer Warranty for Phone and 6 Months Warranty for In the Box Accessories
60,"OnePlus Nord CE 3 Lite 5G (Chromatic Gray, 128 GB)","₹17,021","₹19,999",14% off,4.4,"99,923 Ratings & 5,350 Reviews",8 GB RAM | 128 GB ROM17.07 cm (6.72 inch) Display108MP Rear Camera5000 mAh BatteryDomestic Warranty of 12 months on phone & 6 months on accessories
61,"POCO C61 (Diamond Dust Black, 64 GB)","₹6,499","₹8,999",27% off,4.2,"11,301 Ratings & 354 Reviews",4 GB RAM | 64 GB ROM | Expandable Upto 1 TB17.04 cm (6.71 inch) HD+ Display8MP Rear Camera | 5MP Front Camera5000 mAh BatteryHelio G36 Processor1 Year Manufacturer Warranty for Phone and 6 Months Warranty for In the Box Accessories
62,"REDMI 12 5G (Jade Black, 128 GB)","₹12,499","₹17,999",30% off,4.2,"43,201 Ratings & 1,990 Reviews",6 GB RAM | 128 GB ROM | Expandable Upto 1 TB17.25 cm (6.79 inch) Full HD+ Display50MP + 2MP | 8MP Front Camera5000 mAh BatterySnapdragon 4 Gen 2 Processor1 Year Manufacturer Warranty for Phone and 6 Months Warranty for In the Box Accessories
63,"OnePlus Nord CE 3 Lite 5G (Chromatic Gray, 256 GB)","₹18,188","₹21,999",17% off,4.4,"99,923 Ratings & 5,350 Reviews",8 GB RAM | 256 GB ROM17.07 cm (6.72 inch) Display108MP Rear Camera5000 mAh BatteryDomestic Warranty of 12 months on phone & 6 months on accessories
64,"OnePlus Nord CE 3 Lite 5G (Pastel Lime, 128 GB)","₹17,169","₹19,999",14% off,4.4,"99,923 Ratings & 5,350 Reviews",8 GB RAM | 128 GB ROM17.07 cm (6.72 inch) Display108MP Rear Camera5000 mAh BatteryDomestic Warranty of 12 months on phone & 6 months on accessories
65,"Apple iPhone 15 (Pink, 128 GB)","₹71,999","₹79,900",9% off,4.6,"43,305 Ratings & 2,336 Reviews","128 GB ROM15.49 cm (6.1 inch) Super Retina XDR Display48MP + 12MP | 12MP Front CameraA16 Bionic Chip, 6 Core Processor Processor1 Year Warranty for Phone and 6 Months Warranty for In-Box Accessories"
66,"vivo T3 Lite 5G (Majestic Black, 128 GB)","₹11,499","₹15,499",25% off,4.4,"6,935 Ratings & 218 Reviews",6 GB RAM | 128 GB ROM | Expandable Upto 1 TB16.66 cm (6.56 inch) Display50MP + 2MP | 8MP Front Camera5000 mAh BatteryDimensity 6300 Processor1 Year Manufacturer Warranty for Device and 6 Months Manufacturer Warranty for Inbox Accessories
67,"vivo T3 Lite 5G (Vibrant Green, 128 GB)","₹11,499","₹15,499",25% off,4.4,"6,935 Ratings & 218 Reviews",6 GB RAM | 128 GB ROM | Expandable Upto 1 TB16.66 cm (6.56 inch) Display50MP + 2MP | 8MP Front Camera5000 mAh BatteryDimensity 6300 Processor1 Year Manufacturer Warranty for Device and 6 Months Manufacturer Warranty for Inbox Accessories
68,"POCO C65 (Pastel Green, 128 GB)","₹7,499","₹11,999",37% off,4.2,"11,352 Ratings & 590 Reviews",6 GB RAM | 128 GB ROM | Expandable Upto 1 TB17.12 cm (6.74 inch) HD+ Display50MP + AI Lens + 2MP | 8MP Front Camera5000 mAh BatteryHelio G85 Processor1 Year Manufacturer Warranty for Phone and 6 Months Warranty for in the Box Accessories
69,"POCO M6 5G (Orion Blue, 128 GB)","₹9,999","₹13,999",28% off,4.3,"23,404 Ratings & 1,249 Reviews",6 GB RAM | 128 GB ROM | Expandable Upto 1 TB17.12 cm (6.74 inch) HD+ Display50MP Rear Camera | 5MP Front Camera5000 mAh BatteryMediatek Dimensity 6100+ Processor1 Year Manufacturer Warranty for Phone and 6 Months Warranty for In the Box Accessories
70,"Motorola g64 5G (Mint Green, 256 GB)","₹16,999","₹19,999",15% off,4.2,"11,533 Ratings & 693 Reviews",12 GB RAM | 256 GB ROM | Expandable Upto 1 TB16.51 cm (6.5 inch) Full HD+ Display50MP (OIS) + 8MP | 16MP Front Camera6000 mAh BatteryDimensity 7025 Processor1 Year on Handset and 6 Months on Accessories
71,"POCO M6 5G (Galactic Black, 256 GB)","₹10,999","₹15,999",31% off,4.2,"13,901 Ratings & 721 Reviews",8 GB RAM | 256 GB ROM | Expandable Upto 1 TB17.12 cm (6.74 inch) HD+ Display50MP Rear Camera | 5MP Front Camera5000 mAh BatteryMediatek Dimensity 6100+ Processor1 Year Manufacturer Warranty for Phone and 6 Months Warranty for In the Box Accessories
72,"Motorola G34 5G (Ice Blue, 128 GB)","₹10,999","₹13,999",21% off,4.2,"39,729 Ratings & 3,031 Reviews",4 GB RAM | 128 GB ROM16.51 cm (6.5 inch) HD+ Display50MP + 2MP | 16MP Front Camera5000 mAh BatterySnapdragon 695 5G Processor1 Year on Handset and 6 Months on Accessories
73,LAVA A1 Josh BOL Keypad Mobile|1000 mAh Battery|Expandable Storage 32GB,₹959,"₹1,399",31% off,4,"6,800 Ratings & 314 Reviews",4 MB RAM | 4 MB ROM | Expandable Upto 32 GB4.5 cm (1.77 inch) Quarter QVGA Display1000 mAh Battery1 Year Manufacturer Replacement Guarantee for Phone and 6 months Replacement for Accessories in the Box
74,"SAMSUNG Galaxy S23 FE (Purple, 128 GB)","₹44,999","₹79,999",43% off,4.3,"9,896 Ratings & 649 Reviews",8 GB RAM | 128 GB ROM16.26 cm (6.4 inch) Full HD+ Display50MP + 12MP | 10MP Front Camera4500 mAh BatterySamsung Exynos 2200 Processor1 Year Manufacturer Warranty for Device and 6 Months for In-Box Accessories
75,"POCO M6 5G (Polaris Green, 256 GB)","₹10,999","₹15,999",31% off,4.2,"13,901 Ratings & 721 Reviews",8 GB RAM | 256 GB ROM | Expandable Upto 1 TB17.12 cm (6.74 inch) HD+ Display50MP Rear Camera | 5MP Front Camera5000 mAh BatteryMediatek Dimensity 6100+ Processor1 Year Manufacturer Warranty for Phone and 6 Months Warranty for In the Box Accessories
76,"vivo T2 Pro 5G (Dune Gold, 256 GB)","₹23,999","₹27,999",14% off,4.5,"1,08,517 Ratings & 8,423 Reviews",8 GB RAM | 256 GB ROM17.22 cm (6.78 inch) Full HD+ Display64MP + 2MP | 16MP Front Camera4600 mAh BatteryDimensity 7200 Processor1 Year Manufacturer Warranty for Phone and 6 Months Warranty for In the Box Accessories
77,"Nokia 130 Music Dual Sim, Music Player, Wireless FM Radio and Dedicated Music Buttons","₹1,899","₹2,199",13% off,4.2,"4,749 Ratings & 231 Reviews",4 MB RAM | 4 MB ROM6.1 cm (2.4 inch) Display0MP Front Camera1450 mAh Battery6261D Processor1 Year Replacement Warranty for Device and 6 Months Manufacturer Warranty for Inbox Accessories Including Battery from the Date of Purchase
78,"Motorola G85 5G (Olive Green, 256 GB)","₹19,999","₹22,999",13% off,4.5,"1,045 Ratings & 75 Reviews",12 GB RAM | 256 GB ROM16.94 cm (6.67 inch) Full HD+ Display50MP + 8MP | 32MP Front Camera5000 mAh Battery6s Gen 3 Processor1 Year on Handset and 6 Months on Accessories
79,"SAMSUNG Galaxy S23 5G (Phantom Black, 128 GB)","₹55,999","₹89,999",37% off,4.5,"11,289 Ratings & 1,065 Reviews",8 GB RAM | 128 GB ROM15.49 cm (6.1 inch) Full HD+ Display50MP + 10MP + 12MP | 12MP Front Camera3900 mAh Lithium Ion BatteryQualcomm Snapdragon 8 Gen 2 Processor1 Year Manufacturer Warranty for Device and 6 Months Manufacturer Warranty for In-Box Accessories
80,"Nokia 130 Music Dual Sim, Music Player, Wireless FM Radio and Dedicated Music Buttons","₹1,925","₹2,199",12% off,4.2,"4,749 Ratings & 231 Reviews",4 MB RAM | 4 MB ROM6.1 cm (2.4 inch) Display0MP Front Camera1450 mAh Battery6261D Processor1 Year Replacement Warranty for Device and 6 Months Manufacturer Warranty for Inbox Accessories Including Battery from the Date of Purchase
81,"vivo T3 Lite 5G (Vibrant Green, 128 GB)","₹10,499","₹14,499",27% off,4.5,"4,184 Ratings & 79 Reviews",4 GB RAM | 128 GB ROM | Expandable Upto 1 TB16.66 cm (6.56 inch) Display50MP + 2MP | 8MP Front Camera5000 mAh BatteryDimensity 6300 Processor1 Year Manufacturer Warranty for Device and 6 Months Manufacturer Warranty for Inbox Accessories
82,"Motorola G34 5G (Charcoal Black, 128 GB)","₹10,999","₹13,999",21% off,4.2,"39,729 Ratings & 3,031 Reviews",4 GB RAM | 128 GB ROM16.51 cm (6.5 inch) HD+ Display50MP + 2MP | 16MP Front Camera5000 mAh BatterySnapdragon 695 5G Processor1 Year on Handset and 6 Months on Accessories
83,"REDMI 13C (Starshine Green, 128 GB)","₹8,499","₹13,999",39% off,4.2,"10,033 Ratings & 413 Reviews",6 GB RAM | 128 GB ROM | Expandable Upto 1 TB17.12 cm (6.74 inch) HD+ Display50MP Rear Camera | 8MP Front Camera5000 mAh BatteryHelio G85 Processor1 Year Manufacturer Warranty for Phone and 6 Months Warranty for In the Box Accessories
84,"vivo T3 Lite 5G (Majestic Black, 128 GB)","₹10,499","₹14,499",27% off,4.5,"4,184 Ratings & 79 Reviews",4 GB RAM | 128 GB ROM | Expandable Upto 1 TB16.66 cm (6.56 inch) Display50MP + 2MP | 8MP Front Camera5000 mAh BatteryDimensity 6300 Processor1 Year Manufacturer Warranty for Device and 6 Months Manufacturer Warranty for Inbox Accessories
85,"vivo T2 Pro 5G (Dune Gold, 128 GB)","₹22,999","₹26,999",14% off,4.5,"1,08,517 Ratings & 8,423 Reviews",8 GB RAM | 128 GB ROM17.22 cm (6.78 inch) Full HD+ Display64MP + 2MP | 16MP Front Camera4600 mAh BatteryDimensity 7200 Processor1 Year Manufacturer Warranty for Phone and 6 Months Warranty for In the Box Accessories
86,"vivo T2 Pro 5G (New Moon Black, 256 GB)","₹23,999","₹27,999",14% off,4.5,"1,08,517 Ratings & 8,423 Reviews",8 GB RAM | 256 GB ROM17.22 cm (6.78 inch) Full HD+ Display64MP + 2MP | 16MP Front Camera4600 mAh BatteryDimensity 7200 Processor1 Year Manufacturer Warranty for Phone and 6 Months Warranty for In the Box Accessories
87,"vivo T2 Pro 5G (New Moon Black, 128 GB)","₹22,999","₹26,999",14% off,4.5,"1,08,517 Ratings & 8,423 Reviews",8 GB RAM | 128 GB ROM17.22 cm (6.78 inch) Full HD+ Display64MP + 2MP | 16MP Front Camera4600 mAh BatteryDimensity 7200 Processor1 Year Manufacturer Warranty for Phone and 6 Months Warranty for In the Box Accessories
88,"vivo T3 5G (Cosmic Blue, 256 GB)","₹21,999","₹24,999",12% off,4.4,"36,142 Ratings & 2,564 Reviews",8 GB RAM | 256 GB ROM16.94 cm (6.67 inch) Full HD+ Display50MP + 2MP | 16MP Front Camera5000 mAh BatteryDimensity 7200 Processor1 Year Manufacturer Warranty for Device and 6 Months Manufacturer Warranty for Inbox Accessories
89,"vivo T3 5G (Cosmic Blue, 128 GB)","₹19,999","₹22,999",13% off,4.4,"36,142 Ratings & 2,564 Reviews",8 GB RAM | 128 GB ROM16.94 cm (6.67 inch) Full HD+ Display50MP + 2MP | 16MP Front Camera5000 mAh BatteryDimensity 7200 Processor1 Year Manufacturer Warranty for Device and 6 Months Manufacturer Warranty for Inbox Accessories
90,"SAMSUNG Galaxy S23 5G (Green, 128 GB)","₹55,999","₹89,999",37% off,4.5,"11,289 Ratings & 1,065 Reviews",8 GB RAM | 128 GB ROM15.49 cm (6.1 inch) Full HD+ Display50MP + 10MP + 12MP | 12MP Front Camera3900 mAh Lithium Ion BatteryQualcomm Snapdragon 8 Gen 2 Processor1 Year Manufacturer Warranty for Device and 6 Months Manufacturer Warranty for In-Box Accessories
91,"REDMI 12 5G (Pastel Blue, 128 GB)","₹12,499","₹17,999",30% off,4.2,"43,201 Ratings & 1,990 Reviews",6 GB RAM | 128 GB ROM | Expandable Upto 1 TB17.25 cm (6.79 inch) Full HD+ Display50MP + 2MP | 8MP Front Camera5000 mAh BatterySnapdragon 4 Gen 2 Processor1 Year Manufacturer Warranty for Phone and 6 Months Warranty for In the Box Accessories
92,"POCO C61 (Ethereal Blue, 64 GB)","₹6,499","₹8,999",27% off,4.2,"11,301 Ratings & 354 Reviews",4 GB RAM | 64 GB ROM | Expandable Upto 1 TB17.04 cm (6.71 inch) HD+ Display8MP Rear Camera | 5MP Front Camera5000 mAh BatteryHelio G36 Processor1 Year Manufacturer Warranty for Phone and 6 Months Warranty for In the Box Accessories
93,"Motorola G85 5G (Olive Green, 128 GB)","₹17,999","₹20,999",14% off,4.5,"6,166 Ratings & 335 Reviews",8 GB RAM | 128 GB ROM16.94 cm (6.67 inch) Full HD+ Display50MP + 8MP | 32MP Front Camera5000 mAh Battery6s Gen 3 Processor1 Year on Handset and 6 Months on Accessories
94,"Apple iPhone 14 Plus (Midnight, 128 GB)","₹58,999","₹79,900",26% off,4.6,"75,463 Ratings & 4,224 Reviews","128 GB ROM17.02 cm (6.7 inch) Super Retina XDR Display12MP + 12MP | 12MP Front CameraA15 Bionic Chip, 6 Core Processor Processor1 Year Warranty for Phone and 6 Months Warranty for In-Box Accessories"
95,"REDMI 13C 5G (Starlight Black, 128 GB)","₹10,499","₹13,999",25% off,4.3,"11,970 Ratings & 389 Reviews",4 GB RAM | 128 GB ROM | Expandable Upto 1 TB17.12 cm (6.74 inch) HD+ Display50MP Rear Camera | 5MP Front Camera5000 mAh BatteryMediatek Dimensity 6100+ Processor1 Year Manufacturer Warranty for Phone and 6 Months Warranty for In the Box Accessories
96,"vivo T3 5G (Crystal Flake, 256 GB)","₹21,999","₹24,999",12% off,4.4,"36,142 Ratings & 2,564 Reviews",8 GB RAM | 256 GB ROM16.94 cm (6.67 inch) Full HD+ Display50MP + 2MP | 16MP Front Camera5000 mAh BatteryDimensity 7200 Processor1 Year Manufacturer Warranty for Device and 6 Months Manufacturer Warranty for Inbox Accessories
97,"Motorola G85 5G (Cobalt Blue, 256 GB)","₹19,999","₹22,999",13% off,4.5,"1,045 Ratings & 75 Reviews",12 GB RAM | 256 GB ROM16.94 cm (6.67 inch) Full HD+ Display50MP + 8MP | 32MP Front Camera5000 mAh Battery6s Gen 3 Processor1 Year on Handset and 6 Months on Accessories
98,"Motorola Edge 50 Fusion (Marshmallow Blue, 128 GB)","₹22,999","₹25,999",11% off,4.5,"24,505 Ratings & 1,465 Reviews",8 GB RAM | 128 GB ROM17.02 cm (6.7 inch) Full HD+ Display50MP + 13MP | 32MP Front Camera5000 mAh Battery7s Gen 2 Processor1 Year on Handset and 6 Months on Accessories
99,"vivo T3 5G (Crystal Flake, 128 GB)","₹19,999","₹22,999",13% off,4.4,"36,142 Ratings & 2,564 Reviews",8 GB RAM | 128 GB ROM16.94 cm (6.67 inch) Full HD+ Display50MP + 2MP | 16MP Front Camera5000 mAh BatteryDimensity 7200 Processor1 Year Manufacturer Warranty for Device and 6 Months Manufacturer Warranty for Inbox Accessories
100,"realme P1 Pro 5G (Parrot Blue, 256 GB)","₹19,499","₹25,999",25% off,4.4,"10,519 Ratings & 662 Reviews",8 GB RAM | 256 GB ROM17.02 cm (6.7 inch) Full HD+ Display50MP + 8MP | 16MP Front Camera5000 mAh Battery6 Gen 1 Processor1 Year Manufacturer Warranty for Device and 6 Months Manufacturer Warranty for Inbox Accessories
101,"realme P1 Pro 5G (Parrot Blue, 128 GB)","₹18,499","₹24,999",26% off,4.4,"10,519 Ratings & 662 Reviews",8 GB RAM | 128 GB ROM17.02 cm (6.7 inch) Full HD+ Display50MP + 8MP | 16MP Front Camera5000 mAh Battery6 Gen 1 Processor1 Year Manufacturer Warranty for Device and 6 Months Manufacturer Warranty for Inbox Accessories
102,"realme P1 Pro 5G (Phoenix Red, 256 GB)","₹19,499","₹25,999",25% off,4.4,"10,519 Ratings & 662 Reviews",8 GB RAM | 256 GB ROM17.02 cm (6.7 inch) Full HD+ Display50MP + 8MP | 16MP Front Camera5000 mAh Battery6 Gen 1 Processor1 Year Manufacturer Warranty for Device and 6 Months Manufacturer Warranty for Inbox Accessories
103,Micromax J3,₹838,"₹1,549",45% off,3.9,"2,000 Ratings & 97 Reviews",32 MB RAM | 32 MB ROM4.5 cm (1.77 inch) Display800 mAh Battery1 Year Company Domestic Warranty by Company Authorized Service Center.
104,"Apple iPhone 14 Plus (Starlight, 128 GB)","₹58,999","₹79,900",26% off,4.6,"75,463 Ratings & 4,224 Reviews","128 GB ROM17.02 cm (6.7 inch) Super Retina XDR Display12MP + 12MP | 12MP Front CameraA15 Bionic Chip, 6 Core Processor Processor1 Year Warranty for Phone and 6 Months Warranty for In-Box Accessories"
105,"REDMI 13C 5G (Startrail Silver, 128 GB)","₹10,499","₹13,999",25% off,4.3,"11,970 Ratings & 389 Reviews",4 GB RAM | 128 GB ROM | Expandable Upto 1 TB17.12 cm (6.74 inch) HD+ Display50MP Rear Camera | 5MP Front Camera5000 mAh BatteryMediatek Dimensity 6100+ Processor1 Year Manufacturer Warranty for Phone and 6 Months Warranty for In the Box Accessories
106,"SAMSUNG Galaxy S23 5G (Lavender, 128 GB)","₹55,999","₹89,999",37% off,4.5,"11,289 Ratings & 1,065 Reviews",8 GB RAM | 128 GB ROM15.49 cm (6.1 inch) Full HD+ Display50MP + 10MP + 12MP | 12MP Front Camera3900 mAh Lithium Ion BatteryQualcomm Snapdragon 8 Gen 2 Processor1 Year Manufacturer Warranty for Device and 6 Months Manufacturer Warranty for In-Box Accessories
107,"REDMI 12 5G (Moonstone Silver, 128 GB)","₹12,499","₹17,999",30% off,4.2,"43,201 Ratings & 1,990 Reviews",6 GB RAM | 128 GB ROM | Expandable Upto 1 TB17.25 cm (6.79 inch) Full HD+ Display50MP + 2MP | 8MP Front Camera5000 mAh BatterySnapdragon 4 Gen 2 Processor1 Year Manufacturer Warranty for Phone and 6 Months Warranty for In the Box Accessories
108,"Nokia 130 Music Dual Sim, Music Player, Wireless FM Radio and Dedicated Music Buttons","₹1,945","₹2,199",11% off,4.2,"4,749 Ratings & 231 Reviews",4 MB RAM | 4 MB ROM6.1 cm (2.4 inch) Display0MP Front Camera1450 mAh Battery6261D Processor1 Year Replacement Warranty for Device and 6 Months Manufacturer Warranty for Inbox Accessories Including Battery from the Date of Purchase
109,"SAMSUNG Galaxy S23 FE (Mint, 256 GB)","₹49,999","₹84,999",41% off,4.3,"9,896 Ratings & 649 Reviews",8 GB RAM | 256 GB ROM16.26 cm (6.4 inch) Full HD+ Display50MP + 12MP | 10MP Front Camera4500 mAh BatterySamsung Exynos 2200 Processor1 Year Manufacturer Warranty for Device and 6 Months for In-Box Accessories
110,"Nokia 105 Single SIM, Keypad Mobile Phone with Wireless FM Radio","₹1,299","₹1,599",18% off,4.1,"1,06,392 Ratings & 6,601 Reviews",32 MB RAM | 32 MB ROM4.5 cm (1.77 inch) QVGA Display0MP Front Camera800 mAh Lithium Ion BatterySC6531E Processor1 Year Manufacturer Warranty for Device and 6 Months Manufacturer Warranty for In-box Accessories Including Battery from the Date of Purchase
111,"POCO M6 Pro 5G (Forest Green, 128 GB)","₹9,999","₹16,999",41% off,4.2,"1,15,856 Ratings & 7,124 Reviews",6 GB RAM | 128 GB ROM | Expandable Upto 1 TB17.25 cm (6.79 inch) Full HD+ Display50MP + 2MP | 8MP Front Camera5000 mAh BatterySnapdragon 4 Gen 2 Processor1 Year Manufacturer Warranty for Phone and 6 Months Warranty for In the Box Accessories
112,"realme P1 Pro 5G (Parrot Blue, 256 GB)","₹22,999","₹26,999",14% off,4.4,355 Ratings & 16 Reviews,12 GB RAM | 256 GB ROM17.02 cm (6.7 inch) Full HD+ Display50MP + 8MP | 16MP Front Camera5000 mAh Battery6 Gen 1 Processor1 Year Manufacturer Warranty for Device and 6 Months Manufacturer Warranty for Inbox Accessories
113,"realme P1 Pro 5G (Phoenix Red, 256 GB)","₹22,999","₹26,999",14% off,4.4,355 Ratings & 16 Reviews,12 GB RAM | 256 GB ROM17.02 cm (6.7 inch) Full HD+ Display50MP + 8MP | 16MP Front Camera5000 mAh Battery6 Gen 1 Processor1 Year Manufacturer Warranty for Device and 6 Months Manufacturer Warranty for Inbox Accessories
114,"SAMSUNG Galaxy S23 5G (Cream, 128 GB)","₹55,999","₹89,999",37% off,4.5,"11,289 Ratings & 1,065 Reviews",8 GB RAM | 128 GB ROM15.49 cm (6.1 inch) Full HD+ Display50MP + 10MP + 12MP | 12MP Front Camera3900 mAh Lithium Ion BatteryQualcomm Snapdragon 8 Gen 2 Processor1 Year Manufacturer Warranty for Device and 6 Months Manufacturer Warranty for In-Box Accessories
115,"REDMI 13C 5G (Startrail Green, 128 GB)","₹10,499","₹13,999",25% off,4.3,"11,970 Ratings & 389 Reviews",4 GB RAM | 128 GB ROM | Expandable Upto 1 TB17.12 cm (6.74 inch) HD+ Display50MP Rear Camera | 5MP Front Camera5000 mAh BatteryMediatek Dimensity 6100+ Processor1 Year Manufacturer Warranty for Phone and 6 Months Warranty for In the Box Accessories
116,"Motorola G34 5G (Ocean Green, 128 GB)","₹10,999","₹13,999",21% off,4.2,"39,729 Ratings & 3,031 Reviews",4 GB RAM | 128 GB ROM16.51 cm (6.5 inch) HD+ Display50MP + 2MP | 16MP Front Camera5000 mAh BatterySnapdragon 695 5G ProcessorVegan Leather Design1 Year on Handset and 6 Months on Accessories
117,"SAMSUNG Galaxy S23 5G (Lavender, 256 GB)","₹60,999","₹95,999",36% off,4.5,"11,289 Ratings & 1,065 Reviews",8 GB RAM | 256 GB ROM15.49 cm (6.1 inch) Full HD+ Display50MP + 10MP + 12MP | 12MP Front Camera3900 mAh Lithium Ion BatteryQualcomm Snapdragon 8 Gen 2 Processor1 Year Manufacturer Warranty for Device and 6 Months Manufacturer Warranty for In-Box Accessories
118,"Infinix HOT 40i (Horizon Gold, 256 GB)","₹8,999","₹10,999",18% off,4.1,"11,583 Ratings & 707 Reviews",8 GB RAM | 256 GB ROM | Expandable Upto 2 TB16.76 cm (6.6 inch) HD+ Display50MP + AI Lens | 32MP Front Camera5000 mAh BatteryUnisoc T606 Processor1 Year on Handset and 6 Months on Accessories
119,"Infinix HOT 40i (Palm Blue, 256 GB)","₹8,999","₹10,999",18% off,4.1,"11,583 Ratings & 707 Reviews",8 GB RAM | 256 GB ROM | Expandable Upto 2 TB16.76 cm (6.6 inch) HD+ Display50MP + AI Lens | 32MP Front Camera5000 mAh BatteryUnisoc T606 Processor1 Year on Handset and 6 Months on Accessories
120,"Infinix HOT 40i (Palm Blue, 256 GB)","₹8,999","₹10,999",18% off,4.1,"11,583 Ratings & 707 Reviews",8 GB RAM | 256 GB ROM | Expandable Upto 2 TB16.76 cm (6.6 inch) HD+ Display50MP + AI Lens | 32MP Front Camera5000 mAh BatteryUnisoc T606 Processor1 Year on Handset and 6 Months on Accessories
121,"REDMI 13C (Stardust Black, 128 GB)","₹8,499","₹13,999",39% off,4.2,"10,033 Ratings & 413 Reviews",6 GB RAM | 128 GB ROM | Expandable Upto 1 TB17.12 cm (6.74 inch) HD+ Display50MP Rear Camera | 8MP Front Camera5000 mAh BatteryHelio G85 Processor1 Year Manufacturer Warranty for Phone and 6 Months Warranty for In the Box Accessories
122,"SAMSUNG Galaxy S23 5G (Cream, 256 GB)","₹60,999","₹95,999",36% off,4.5,"11,289 Ratings & 1,065 Reviews",8 GB RAM | 256 GB ROM15.49 cm (6.1 inch) Full HD+ Display50MP + 10MP + 12MP | 12MP Front Camera3900 mAh Lithium Ion BatteryQualcomm Snapdragon 8 Gen 2 Processor1 Year Manufacturer Warranty for Device and 6 Months Manufacturer Warranty for In-Box Accessories
123,"POCO M6 5G (Orion Blue, 256 GB)","₹10,999","₹15,999",31% off,4.2,"13,901 Ratings & 721 Reviews",8 GB RAM | 256 GB ROM | Expandable Upto 1 TB17.12 cm (6.74 inch) HD+ Display50MP Rear Camera | 5MP Front Camera5000 mAh BatteryMediatek Dimensity 6100+ Processor1 Year Manufacturer Warranty for Phone and 6 Months Warranty for In the Box Accessories
124,"SAMSUNG Galaxy M34 5G without charger (Prism Silver, 128 GB)","₹15,495","₹24,499",36% off,4.2,"3,742 Ratings & 269 Reviews",6 GB RAM | 128 GB ROM16.51 cm (6.5 inch) Display50MP Rear Camera6000 mAh BatteryDomestic 1 Year of Device & 6 Months for In-Box Accessories
125,"SAMSUNG Galaxy S23 5G (Phantom Black, 256 GB)","₹60,999","₹95,999",36% off,4.5,"11,289 Ratings & 1,065 Reviews",8 GB RAM | 256 GB ROM15.49 cm (6.1 inch) Full HD+ Display50MP + 10MP + 12MP | 12MP Front Camera3900 mAh Lithium Ion BatteryQualcomm Snapdragon 8 Gen 2 Processor1 Year Manufacturer Warranty for Device and 6 Months Manufacturer Warranty for In-Box Accessories
126,"realme C63 (Jade Green, 128 GB)","₹8,999","₹10,999",18% off,4.3,609 Ratings & 20 Reviews,4 GB RAM | 128 GB ROM | Expandable Upto 2 TB17.13 cm (6.745 inch) HD+ Display50MP Rear Camera | 8MP Front Camera5000 mAh BatteryT612 Processor1 Year Manufacturer Warranty for Device and 6 Months Manufacturer Warranty for Inbox Accessories
127,Micromax J3,₹834,"₹1,549",46% off,3.9,"2,000 Ratings & 97 Reviews",32 MB RAM | 32 MB ROM4.5 cm (1.77 inch) Display800 mAh Battery1 Year Manufacturer Warranty on Product and 6 Month on Box Accessories
128,"Motorola Edge 50 Fusion (Forest Blue, 256 GB)","₹24,999","₹27,999",10% off,4.5,"19,990 Ratings & 1,343 Reviews",12 GB RAM | 256 GB ROM17.02 cm (6.7 inch) Full HD+ Display50MP + 13MP | 32MP Front Camera5000 mAh Battery7s Gen 2 Processor1 Year on Handset and 6 Months on Accessories
129,"SAMSUNG Galaxy M34 5G without charger (Midnight Blue, 128 GB)","₹14,705","₹24,499",39% off,4.2,"3,742 Ratings & 269 Reviews",6 GB RAM | 128 GB ROM16.51 cm (6.5 inch) Display50MP Rear Camera6000 mAh BatteryDomestic 1 Year of Device & 6 Months for In-Box Accessories
130,"Motorola Edge 50 Pro 5G with 125W Charger (Luxe Lavender, 256 GB)","₹35,999","₹41,999",14% off,4.4,"7,441 Ratings & 624 Reviews",12 GB RAM | 256 GB ROM17.02 cm (6.7 inch) Display50MP + 13MP + 10MP | 50MP Front Camera4500 mAh Battery7 Gen 3 Mobile Platform Processor1 Year on Handset and 6 Months on Accessories
131,"realme 12 Pro 5G (Navigator Beige, 128 GB)","₹22,999","₹29,999",23% off,4.4,"20,369 Ratings & 2,041 Reviews",8 GB RAM | 128 GB ROM17.02 cm (6.7 inch) Full HD+ Display50MP + 8MP + 32MP | 16MP Front Camera5000 mAh BatterySnapdragon 6 Gen 1 Processor1 Year Manufacturer Warranty for Device and 6 Months Manufacturer Warranty for Inbox Accessories
132,"realme C63 (Leather Blue, 128 GB)","₹8,999","₹10,999",18% off,4.3,609 Ratings & 20 Reviews,4 GB RAM | 128 GB ROM | Expandable Upto 2 TB17.13 cm (6.745 inch) HD+ Display50MP Rear Camera | 8MP Front Camera5000 mAh BatteryT612 Processor1 Year Manufacturer Warranty for Device and 6 Months Manufacturer Warranty for Inbox Accessories
133,"POCO M6 5G - Locked with Airtel Prepaid (Orion Blue, 128 GB)","₹8,249","₹12,999",36% off,4.1,"34,327 Ratings & 1,900 Reviews",4 GB RAM | 128 GB ROM | Expandable Upto 1 TB17.12 cm (6.74 inch) HD+ Display50MP Rear Camera | 5MP Front Camera5000 mAh BatteryMediatek Dimensity 6100+ Processor1 Year Manufacturer Warranty for Phone and 6 Months Warranty for In the Box Accessories
134,"REDMI 12 5G (Jade Black, 256 GB)","₹13,999","₹19,999",30% off,4.2,"22,648 Ratings & 1,360 Reviews",8 GB RAM | 256 GB ROM | Expandable Upto 1 TB17.25 cm (6.79 inch) Full HD+ Display50MP + 2MP | 8MP Front Camera5000 mAh BatterySnapdragon 4 Gen 2 Processor1 Year Manufacturer Warranty for Phone and 6 Months Warranty for In the Box Accessories
135,"Infinix SMART 8 (Shiny Gold, 128 GB)","₹7,999","₹10,999",27% off,4.3,"7,642 Ratings & 448 Reviews",8 GB RAM | 128 GB ROM | Expandable Upto 2 TB16.76 cm (6.6 inch) HD+ Display50MP + AI Lens | 8MP Front Camera5000 mAh BatteryHelio G36 Processor1 Year on Handset and 6 Months on Accessories
136,"REDMI 12 5G (Pastel Blue, 256 GB)","₹13,999","₹19,999",30% off,4.2,"22,648 Ratings & 1,360 Reviews",8 GB RAM | 256 GB ROM | Expandable Upto 1 TB17.25 cm (6.79 inch) Full HD+ Display50MP + 2MP | 8MP Front Camera5000 mAh BatterySnapdragon 4 Gen 2 Processor1 Year Manufacturer Warranty for Phone and 6 Months Warranty for In the Box Accessories
137,"realme 12 Pro 5G (Submarine Blue, 256 GB)","₹24,999","₹33,999",26% off,4.4,"5,730 Ratings & 328 Reviews",12 GB RAM | 256 GB ROM17.02 cm (6.7 inch) Full HD+ Display50MP + 8MP + 32MP | 16MP Front Camera5000 mAh BatterySnapdragon 6 Gen 1 Processor1 Year Manufacturer Warranty for Device and 6 Months Manufacturer Warranty for Inbox Accessories
138,"realme 12 Pro 5G (Navigator Beige, 256 GB)","₹24,999","₹31,999",21% off,4.4,"20,369 Ratings & 2,041 Reviews",8 GB RAM | 256 GB ROM17.02 cm (6.7 inch) Full HD+ Display50MP + 8MP + 32MP | 16MP Front Camera5000 mAh BatterySnapdragon 6 Gen 1 Processor1 Year Manufacturer Warranty for Device and 6 Months Manufacturer Warranty for Inbox Accessories
139,"realme 12 Pro 5G (Navigator Beige, 256 GB)","₹24,999","₹33,999",26% off,4.4,"5,730 Ratings & 328 Reviews",12 GB RAM | 256 GB ROM17.02 cm (6.7 inch) Full HD+ Display50MP + 8MP + 32MP | 16MP Front Camera5000 mAh BatterySnapdragon 6 Gen 1 Processor1 Year Manufacturer Warranty for Device and 6 Months Manufacturer Warranty for Inbox Accessories
140,"Infinix Note 40 Pro 5G (Vintage Green, 256 GB)","₹21,999","₹27,999",21% off,4,"7,660 Ratings & 568 Reviews",8 GB RAM | 256 GB ROM17.22 cm (6.78 inch) Full HD+ Display108MP (OIS) + 2MP + 2MP | 32MP Front Camera5000 mAh BatteryMediatek Dimensity 7020 Processor1 Year Warranty on Handset and 6 Months Warranty on Inbox Accessories
141,"REDMI 12 (Jade Black, 128 GB)","₹9,999","₹15,999",37% off,4.2,"49,442 Ratings & 3,305 Reviews",6 GB RAM | 128 GB ROM | Expandable Upto 1 TB17.25 cm (6.79 inch) Full HD+ Display50MP + 8MP + 2MP | 8MP Front Camera5000 mAh BatteryHelio G88 Processor1 Year Manufacturer Warranty for Phone and 6 Months Warranty for in the Box Accessories
142,"realme 12 Pro 5G (Submarine Blue, 256 GB)","₹24,999","₹31,999",21% off,4.4,"20,369 Ratings & 2,041 Reviews",8 GB RAM | 256 GB ROM17.02 cm (6.7 inch) Full HD+ Display50MP + 8MP + 32MP | 16MP Front Camera5000 mAh BatterySnapdragon 6 Gen 1 Processor1 Year Manufacturer Warranty for Device and 6 Months Manufacturer Warranty for Inbox Accessories
143,"realme 12 Pro 5G (Submarine Blue, 128 GB)","₹22,999","₹29,999",23% off,4.4,"20,369 Ratings & 2,041 Reviews",8 GB RAM | 128 GB ROM17.02 cm (6.7 inch) Full HD+ Display50MP + 8MP + 32MP | 16MP Front Camera5000 mAh BatterySnapdragon 6 Gen 1 Processor1 Year Manufacturer Warranty for Device and 6 Months Manufacturer Warranty for Inbox Accessories
144,"Infinix SMART 8 (Rainbow Blue, 128 GB)","₹7,999","₹10,999",27% off,4.3,"7,642 Ratings & 448 Reviews",8 GB RAM | 128 GB ROM | Expandable Upto 2 TB16.76 cm (6.6 inch) HD+ Display50MP + AI Lens | 8MP Front Camera5000 mAh BatteryHelio G36 Processor1 Year on Handset and 6 Months on Accessories
145,"Infinix SMART 8 (Timber Black, 128 GB)","₹7,999","₹10,999",27% off,4.3,"7,642 Ratings & 448 Reviews",8 GB RAM | 128 GB ROM | Expandable Upto 2 TB16.76 cm (6.6 inch) HD+ Display50MP + AI Lens | 8MP Front Camera5000 mAh BatteryHelio G36 Processor1 Year on Handset and 6 Months on Accessories
146,"Infinix SMART 8 (Rainbow Blue, 64 GB)","₹7,299","₹8,999",18% off,4.3,"22,055 Ratings & 1,387 Reviews",4 GB RAM | 64 GB ROM | Expandable Upto 2 TB16.76 cm (6.6 inch) HD+ Display50MP + AI Lens | 8MP Front Camera5000 mAh BatteryHelio G36 Processor1 Year on Handset and 6 Months on Accessories
147,"Infinix SMART 8 (Galaxy White, 64 GB)","₹7,299","₹8,999",18% off,4.3,"22,055 Ratings & 1,387 Reviews",4 GB RAM | 64 GB ROM | Expandable Upto 2 TB16.76 cm (6.6 inch) HD+ Display50MP + AI Lens | 8MP Front Camera5000 mAh BatteryHelio G36 Processor1 Year on Handset and 6 Months on Accessories
148,"Infinix SMART 8 (Shiny Gold, 64 GB)","₹7,299","₹8,999",18% off,4.3,"22,055 Ratings & 1,387 Reviews",4 GB RAM | 64 GB ROM | Expandable Upto 2 TB16.76 cm (6.6 inch) HD+ Display50MP + AI Lens | 8MP Front Camera5000 mAh BatteryHelio G36 Processor1 Year on Handset and 6 Months on Accessories
149,"Infinix SMART 8 (Galaxy White, 128 GB)","₹7,999","₹10,999",27% off,4.3,"7,642 Ratings & 448 Reviews",8 GB RAM | 128 GB ROM | Expandable Upto 2 TB16.76 cm (6.6 inch) HD+ Display50MP + AI Lens | 8MP Front Camera5000 mAh BatteryHelio G36 Processor1 Year on Handset and 6 Months on Accessories
150,"POCO X6 Neo 5G (Horizon Blue, 128 GB)","₹14,999","₹19,999",25% off,4.1,"8,609 Ratings & 738 Reviews",8 GB RAM | 128 GB ROM | Expandable Upto 1 TB16.94 cm (6.67 inch) Full HD+ Display108MP + 2MP | 16MP Front Camera5000 mAh BatteryDimensity 6080 Processor1 Year Manufacturer Warranty for Phone and 6 Months Warranty for In the Box Accessories
151,"realme 12 Pro+ 5G (Submarine Blue, 256 GB)","₹30,999","₹37,999",18% off,4.4,"5,569 Ratings & 628 Reviews",12 GB RAM | 256 GB ROM17.02 cm (6.7 inch) Full HD+ Display50MP + 8MP + 64MP | 32MP Front Camera5000 mAh BatterySnapdragon 7s Gen 2 Processor1 Year Manufacturer Warranty for Device and 6 Months Manufacturer Warranty for Inbox Accessories
152,"realme 12 Pro+ 5G (Navigator Beige, 256 GB)","₹30,999","₹37,999",18% off,4.4,"5,569 Ratings & 628 Reviews",12 GB RAM | 256 GB ROM17.02 cm (6.7 inch) Full HD+ Display50MP + 8MP + 64MP | 32MP Front Camera5000 mAh BatterySnapdragon 7s Gen 2 Processor1 Year Manufacturer Warranty for Device and 6 Months Manufacturer Warranty for Inbox Accessories
153,"realme 12 Pro+ 5G (Explorer Red, 256 GB)","₹30,999","₹37,999",18% off,4.4,"5,569 Ratings & 628 Reviews",12 GB RAM | 256 GB ROM17.02 cm (6.7 inch) Full HD+ Display50MP + 8MP + 64MP | 32MP Front Camera5000 mAh BatterySnapdragon 7s Gen 2 Processor1 Year Manufacturer Warranty for Device and 6 Months Manufacturer Warranty for Inbox Accessories
154,itel Ace2 Keypad Mobile| 1000 mAh Battery|Expandable Storage 32GB,₹829,"₹1,199",30% off,4,"5,021 Ratings & 350 Reviews",4 MB RAM | 4 MB ROM | Expandable Upto 32 GB4.57 cm (1.8 inch) Quarter QVGA Display0MP Front Camera1000 mAh Lithium Ion BatterySpreadtrum Processor12 Month Warranty on Device and 6 Months on Accessories Including Battery
155,"realme C61 (Marble Black, 128 GB)","₹8,999","₹10,999",18% off,4.4,828 Ratings & 19 Reviews,6 GB RAM | 128 GB ROM | Expandable Upto 2 TB17.13 cm (6.745 inch) HD+ Display32MP Rear Camera | 5MP Front Camera5000 mAh BatteryT612 Processor1 Year Manufacturer Warranty for Device and 6 Months Manufacturer Warranty for Inbox Accessories
156,"realme C61 (Safari Green, 128 GB)","₹8,999","₹10,999",18% off,4.4,828 Ratings & 19 Reviews,6 GB RAM | 128 GB ROM | Expandable Upto 2 TB17.13 cm (6.745 inch) HD+ Display32MP Rear Camera | 5MP Front Camera5000 mAh BatteryT612 Processor1 Year Manufacturer Warranty for Device and 6 Months Manufacturer Warranty for Inbox Accessories
157,"realme 12 Pro+ 5G (Explorer Red, 256 GB)","₹28,999","₹35,999",19% off,4.4,"16,574 Ratings & 2,144 Reviews",8 GB RAM | 256 GB ROM17.02 cm (6.7 inch) Full HD+ Display50MP + 8MP + 64MP | 32MP Front Camera5000 mAh BatterySnapdragon 7s Gen 2 Processor1 Year Manufacturer Warranty for Device and 6 Months Manufacturer Warranty for Inbox Accessories
158,"realme 12 Pro+ 5G (Navigator Beige, 256 GB)","₹28,999","₹35,999",19% off,4.4,"16,574 Ratings & 2,144 Reviews",8 GB RAM | 256 GB ROM17.02 cm (6.7 inch) Full HD+ Display50MP + 8MP + 64MP | 32MP Front Camera5000 mAh BatterySnapdragon 7s Gen 2 Processor1 Year Manufacturer Warranty for Device and 6 Months Manufacturer Warranty for Inbox Accessories
159,"Infinix SMART 8 (Timber Black, 64 GB)","₹7,299","₹8,999",18% off,4.3,"22,055 Ratings & 1,387 Reviews",4 GB RAM | 64 GB ROM | Expandable Upto 2 TB16.76 cm (6.6 inch) HD+ Display50MP + AI Lens | 8MP Front Camera5000 mAh BatteryHelio G36 Processor1 Year on Handset and 6 Months on Accessories
160,"realme NARZO N63 (Leather Blue, 64 GB)","₹8,038","₹9,999",19% off,4.5,111 Ratings & 3 Reviews,4 GB RAM | 64 GB ROM17.12 cm (6.74 inch) Display50MP Rear Camera5000 mAh Battery1 year manufacture warranty
161,"realme Narzo N63 4G (Twilight Purple, 128 GB)","₹8,480","₹10,999",22% off,3.9,516 Ratings & 11 Reviews,4 GB RAM | 128 GB ROM17.12 cm (6.74 inch) Display50MP Rear Camera5000 mAh BatteryDomestic Warranty  1 year for handset and 6 months for accessories.
162,"POCO M6 5G - Locked with Airtel Prepaid (Polaris Green, 128 GB)","₹8,249","₹12,999",36% off,4.1,"34,327 Ratings & 1,900 Reviews",4 GB RAM | 128 GB ROM | Expandable Upto 1 TB17.12 cm (6.74 inch) HD+ Display50MP Rear Camera | 5MP Front Camera5000 mAh BatteryMediatek Dimensity 6100+ Processor1 Year Manufacturer Warranty for Phone and 6 Months Warranty for In the Box Accessories
163,"Motorola G85 5G (Urban Grey, 256 GB)","₹19,999","₹22,999",13% off,4.5,"1,045 Ratings & 75 Reviews",12 GB RAM | 256 GB ROM16.94 cm (6.67 inch) Full HD+ Display50MP + 8MP | 32MP Front Camera5000 mAh Battery6s Gen 3 Processor1 Year on Handset and 6 Months on Accessories
164,"realme 12 Pro+ 5G (Submarine Blue, 256 GB)","₹28,999","₹35,999",19% off,4.4,"16,574 Ratings & 2,144 Reviews",8 GB RAM | 256 GB ROM17.02 cm (6.7 inch) Full HD+ Display50MP + 8MP + 64MP | 32MP Front Camera5000 mAh BatterySnapdragon 7s Gen 2 Processor1 Year Manufacturer Warranty for Device and 6 Months Manufacturer Warranty for Inbox Accessories
165,"realme 12 Pro+ 5G (Submarine Blue, 128 GB)","₹29,999","₹34,999",14% off,4.4,"16,574 Ratings & 2,144 Reviews",8 GB RAM | 128 GB ROM17.02 cm (6.7 inch) Full HD+ Display50MP + 8MP + 64MP | 32MP Front Camera5000 mAh BatterySnapdragon 7s Gen 2 Processor1 Year Manufacturer Warranty for Device and 6 Months Manufacturer Warranty for Inbox Accessories
166,"Infinix SMART 8 HD (Galaxy White, 64 GB)","₹6,699","₹7,999",16% off,4.3,"33,272 Ratings & 2,335 Reviews",3 GB RAM | 64 GB ROM | Expandable Upto 2 TB16.76 cm (6.6 inch) HD+ Display13MP + AI Lens | 8MP Front Camera5000 mAh BatteryT606 Processor1 Year on Handset and 6 Months on Accessories
167,"Infinix SMART 8 HD (Shiny Gold, 64 GB)","₹6,699","₹7,999",16% off,4.3,"33,272 Ratings & 2,335 Reviews",3 GB RAM | 64 GB ROM | Expandable Upto 2 TB16.76 cm (6.6 inch) HD+ Display13MP + AI Lens | 8MP Front Camera5000 mAh BatteryT606 Processor1 Year on Handset and 6 Months on Accessories
168,"realme 12 Pro+ 5G (Navigator Beige, 256 GB)","₹28,999","₹35,999",19% off,4.4,"16,574 Ratings & 2,144 Reviews",8 GB RAM | 256 GB ROM17.02 cm (6.7 inch) Full HD+ Display50MP + 8MP + 64MP | 32MP Front Camera5000 mAh BatterySnapdragon 7s Gen 2 Processor1 Year Manufacturer Warranty for Device and 6 Months Manufacturer Warranty for Inbox Accessories
169,"Infinix SMART 8 (Timber Black, 64 GB)","₹7,299","₹8,999",18% off,4.3,"22,055 Ratings & 1,387 Reviews",4 GB RAM | 64 GB ROM | Expandable Upto 2 TB16.76 cm (6.6 inch) HD+ Display50MP + AI Lens | 8MP Front Camera5000 mAh BatteryHelio G36 Processor1 Year on Handset and 6 Months on Accessories
170,"realme Narzo N63 4G (Twilight Purple, 128 GB)","₹8,483","₹10,999",22% off,3.9,516 Ratings & 11 Reviews,4 GB RAM | 128 GB ROM17.12 cm (6.74 inch) Display50MP Rear Camera5000 mAh BatteryDomestic Warranty  1 year for handset and 6 months for accessories.
171,Kechaoda A26,₹999,"₹1,399",28% off,4,"22,131 Ratings & 1,373 Reviews",32 MB RAM | 32 MB ROM | Expandable Upto 16 GB1.68 cm (0.66 inch) Display800 mAh BatteryNO WARRANTY
172,Kechaoda K112,"₹1,499","₹1,999",25% off,4,"26,802 Ratings & 2,598 Reviews",32 MB RAM | 64 MB ROM | Expandable Upto 32 GB6.1 cm (2.4 inch) QVGA Display0.3MP Rear Camera3600 mAh Battery1 Year Company Domestic Warranty by Company Authorized Service Center.
173,"realme 12+ 5G (Pioneer Green, 128 GB)","₹20,999","₹23,999",12% off,4.3,"11,515 Ratings & 976 Reviews",8 GB RAM | 128 GB ROM | Expandable Upto 2 TB16.94 cm (6.67 inch) Full HD+ Display50MP + 8MP + 2MP | 16MP Front Camera5000 mAh BatteryDimensity 7050 Processor1 Year Manufacturer Warranty for Device and 6 Months Manufacturer Warranty for Inbox Accessories
174,"Infinix GT 20 Pro (Mecha Orange, 256 GB)","₹25,999","₹34,999",25% off,4.3,"1,862 Ratings & 127 Reviews",12 GB RAM | 256 GB ROM17.22 cm (6.78 inch) Full HD+ Display108MP (OIS) + 2MP + 2MP | 32MP Front Camera5000 mAh BatteryDimensity 8200 Ultimate Processor1 Year Warranty
175,"POCO C65 (Pastel Blue, 256 GB)","₹8,499","₹13,499",37% off,4.2,"9,156 Ratings & 504 Reviews",8 GB RAM | 256 GB ROM | Expandable Upto 1 TB17.12 cm (6.74 inch) HD+ Display50MP + AI Lens + 2MP | 8MP Front Camera5000 mAh BatteryHelio G85 Processor1 Year Manufacturer Warranty for Phone and 6 Months Warranty for in the Box Accessories
176,"POCO M6 5G - Locked with Airtel Prepaid (Polaris Green, 128 GB)","₹8,249","₹12,999",36% off,4.1,"34,327 Ratings & 1,900 Reviews",4 GB RAM | 128 GB ROM | Expandable Upto 1 TB17.12 cm (6.74 inch) HD+ Display50MP Rear Camera | 5MP Front Camera5000 mAh BatteryMediatek Dimensity 6100+ Processor1 Year Manufacturer Warranty for Phone and 6 Months Warranty for In the Box Accessories
177,"CMF by Nothing Phone 1 (Blue, 128 GB)","₹15,999","₹19,999",20% off,4.4,"5,842 Ratings & 514 Reviews",6 GB RAM | 128 GB ROM | Expandable Upto 2 TB16.94 cm (6.67 inch) Full HD+ Display50MP + 2MP | 16MP Front Camera5000 mAh BatteryDimensity 7300 5G Processor1 Year Manufacturing Warranty
178,"realme C65 5G (Feather Green, 128 GB)","₹12,499","₹15,999",21% off,4.4,"4,887 Ratings & 146 Reviews",6 GB RAM | 128 GB ROM | Expandable Upto 2 TB16.94 cm (6.67 inch) HD+ Display50MP Rear Camera | 8MP Front Camera5000 mAh BatteryDimensity 6300 Processor1 Year Manufacturer Warranty for Device and 6 Months Manufacturer Warranty for Inbox Accessories
179,"CMF by Nothing Phone 1 (Black, 128 GB)","₹15,999","₹19,999",20% off,4.4,"5,842 Ratings & 514 Reviews",6 GB RAM | 128 GB ROM | Expandable Upto 2 TB16.94 cm (6.67 inch) Full HD+ Display50MP + 2MP | 16MP Front Camera5000 mAh BatteryDimensity 7300 5G Processor1 Year Manufacturing Warranty
180,"CMF by Nothing Phone 1 (Light Green, 128 GB)","₹17,999","₹21,999",18% off,4.3,"1,733 Ratings & 133 Reviews",8 GB RAM | 128 GB ROM | Expandable Upto 2 TB16.94 cm (6.67 inch) Full HD+ Display50MP + 2MP | 16MP Front Camera5000 mAh BatteryDimensity 7300 5G Processor1 Year Manufacturing Warranty
181,"Apple iPhone 15 Plus (Blue, 128 GB)","₹81,999","₹89,900",8% off,4.6,"7,375 Ratings & 618 Reviews","128 GB ROM17.02 cm (6.7 inch) Super Retina XDR Display48MP + 12MP | 12MP Front CameraA16 Bionic Chip, 6 Core Processor Processor1 Year Warranty for Phone and 6 Months Warranty for In-Box Accessories"
182,"realme C61 (Marble Black, 128 GB)","₹8,999","₹10,999",18% off,4.4,828 Ratings & 19 Reviews,6 GB RAM | 128 GB ROM | Expandable Upto 2 TB17.13 cm (6.745 inch) HD+ Display32MP Rear Camera | 5MP Front Camera5000 mAh BatteryT612 Processor1 Year Manufacturer Warranty for Device and 6 Months Manufacturer Warranty for Inbox Accessories
183,"realme C65 5G (Glowing Black, 128 GB)","₹12,499","₹15,999",21% off,4.4,"4,887 Ratings & 146 Reviews",6 GB RAM | 128 GB ROM | Expandable Upto 2 TB16.94 cm (6.67 inch) HD+ Display50MP Rear Camera | 8MP Front Camera5000 mAh BatteryDimensity 6300 Processor1 Year Manufacturer Warranty for Device and 6 Months Manufacturer Warranty for Inbox Accessories
184,"POCO M6 5G - Locked with Airtel Prepaid (Galactic Black, 128 GB)","₹8,249","₹12,999",36% off,4.1,"34,327 Ratings & 1,900 Reviews",4 GB RAM | 128 GB ROM | Expandable Upto 1 TB17.12 cm (6.74 inch) HD+ Display50MP Rear Camera | 5MP Front Camera5000 mAh BatteryMediatek Dimensity 6100+ Processor1 Year Manufacturer Warranty for Phone and 6 Months Warranty for In the Box Accessories
185,"realme 12+ 5G (Navigator Beige, 256 GB)","₹21,999","₹25,999",15% off,4.3,"11,515 Ratings & 976 Reviews",8 GB RAM | 256 GB ROM | Expandable Upto 2 TB16.94 cm (6.67 inch) Full HD+ Display50MP + 8MP + 2MP | 16MP Front Camera5000 mAh BatteryDimensity 7050 Processor1 Year Manufacturer Warranty for Device and 6 Months Manufacturer Warranty for Inbox Accessories
186,"realme 12+ 5G (Pioneer Green, 256 GB)","₹21,999","₹25,999",15% off,4.3,"11,515 Ratings & 976 Reviews",8 GB RAM | 256 GB ROM | Expandable Upto 2 TB16.94 cm (6.67 inch) Full HD+ Display50MP + 8MP + 2MP | 16MP Front Camera5000 mAh BatteryDimensity 7050 Processor1 Year Manufacturer Warranty for Device and 6 Months Manufacturer Warranty for Inbox Accessories
187,"REDMI 12 5G (Moonstone Silver, 256 GB)","₹13,999","₹19,999",30% off,4.2,"22,648 Ratings & 1,360 Reviews",8 GB RAM | 256 GB ROM | Expandable Upto 1 TB17.25 cm (6.79 inch) Full HD+ Display50MP + 2MP | 8MP Front Camera5000 mAh BatterySnapdragon 4 Gen 2 Processor1 Year Manufacturer Warranty for Phone and 6 Months Warranty for In the Box Accessories
188,"Nokia 130 Music Dual Sim, Music Player, Wireless FM Radio and Dedicated Music Buttons","₹1,947","₹2,199",11% off,4.2,"4,749 Ratings & 231 Reviews",4 MB RAM | 4 MB ROM6.1 cm (2.4 inch) Display0MP Front Camera1450 mAh Battery6261D Processor1 Year Replacement Warranty for Device and 6 Months Manufacturer Warranty for Inbox Accessories Including Battery from the Date of Purchase
189,"REDMI Note 13 Pro 5G (Midnight Black, 256 GB)","₹24,499","₹32,999",25% off,4.2,"2,365 Ratings & 218 Reviews",12 GB RAM | 256 GB ROM16.94 cm (6.67 inch) Display200MP (OIS) + 8MP + 2MP | 16MP Front Camera5100 mAh Battery7s Gen 2 Mobile Platform 5G Processor1 Year Manufacturer Warranty for Phone and 6 Months Warranty for In the Box Accessories
190,itel Ace2 Keypad Mobile| 1000 mAh Battery|Expandable Storage 32GB,₹829,"₹1,199",30% off,4,"5,021 Ratings & 350 Reviews",4 MB RAM | 4 MB ROM | Expandable Upto 32 GB4.57 cm (1.8 inch) Quarter QVGA Display0MP Front Camera1000 mAh Lithium Ion BatterySpreadtrum Processor12 Month Warranty on Device and 6 Months on Accessories Including Battery
191,"CMF by Nothing Phone 1 (Blue, 128 GB)","₹17,999","₹21,999",18% off,4.3,"1,733 Ratings & 133 Reviews",8 GB RAM | 128 GB ROM | Expandable Upto 2 TB16.94 cm (6.67 inch) Full HD+ Display50MP + 2MP | 16MP Front Camera5000 mAh BatteryDimensity 7300 5G Processor1 Year Manufacturing Warranty
192,"SAMSUNG Galaxy M14 4G (Sapphire Blue, 64 GB)","₹8,376","₹13,999",40% off,4,610 Ratings & 22 Reviews,4 GB RAM | 64 GB ROM16.76 cm (6.6 inch) Display50MP Rear Camera6000 mAh Battery1 year for handset and 6 month for accessories
193,"CMF by Nothing Phone 1 (Light Green, 128 GB)","₹15,999","₹19,999",20% off,4.4,"5,842 Ratings & 514 Reviews",6 GB RAM | 128 GB ROM | Expandable Upto 2 TB16.94 cm (6.67 inch) Full HD+ Display50MP + 2MP | 16MP Front Camera5000 mAh BatteryDimensity 7300 5G Processor1 Year Manufacturing Warranty
194,"Infinix SMART 8 HD (Timber Black, 64 GB)","₹6,999","₹8,999",22% off,4.3,744 Ratings & 25 Reviews,4 GB RAM | 64 GB ROM | Expandable Upto 2 TB16.76 cm (6.6 inch) HD+ Display13MP + AI Lens | 8MP Front Camera5000 mAh BatteryT606 Processor1 Year on Handset and 6 Months on Accessories
195,"POCO X6 Neo 5G (Martian Orange, 128 GB)","₹14,999","₹19,999",25% off,4.1,"8,609 Ratings & 738 Reviews",8 GB RAM | 128 GB ROM | Expandable Upto 1 TB16.94 cm (6.67 inch) Full HD+ Display108MP + 2MP | 16MP Front Camera5000 mAh BatteryDimensity 6080 Processor1 Year Manufacturer Warranty for Phone and 6 Months Warranty for In the Box Accessories
196,"realme C65 5G (Glowing Black, 128 GB)","₹12,499","₹15,999",21% off,4.4,"4,887 Ratings & 146 Reviews",6 GB RAM | 128 GB ROM | Expandable Upto 2 TB16.94 cm (6.67 inch) HD+ Display50MP Rear Camera | 8MP Front Camera5000 mAh BatteryDimensity 6300 Processor1 Year Manufacturer Warranty for Device and 6 Months Manufacturer Warranty for Inbox Accessories
197,"Infinix SMART 8 HD (Crystal Green, 64 GB)","₹6,999","₹8,999",22% off,4.3,744 Ratings & 25 Reviews,4 GB RAM | 64 GB ROM | Expandable Upto 2 TB16.76 cm (6.6 inch) HD+ Display13MP + AI Lens | 8MP Front Camera5000 mAh BatteryT606 Processor1 Year on Handset and 6 Months on Accessories
198,"SAMSUNG Galaxy F15 5G (Groovy Violet, 128 GB)","₹14,499","₹16,999",14% off,4.2,"20,157 Ratings & 1,684 Reviews",6 GB RAM | 128 GB ROM | Expandable Upto 1 TB16.51 cm (6.5 inch) Full HD+ Display50MP + 5MP + 2MP | 13MP Front Camera6000 mAh Lithium ion BatteryMediaTek Dimensity 6100+ Processor1 Year Manufacturer Warranty for Device and 6 Months Manufacturer Warranty for In-Box Accessories
199,"realme 12+ 5G (Navigator Beige, 256 GB)","₹21,999","₹25,999",15% off,4.3,"11,515 Ratings & 976 Reviews",8 GB RAM | 256 GB ROM | Expandable Upto 2 TB16.94 cm (6.67 inch) Full HD+ Display50MP + 8MP + 2MP | 16MP Front Camera5000 mAh BatteryDimensity 7050 Processor1 Year Manufacturer Warranty for Device and 6 Months Manufacturer Warranty for Inbox Accessories
200,"realme 12+ 5G (Pioneer Green, 256 GB)","₹21,999","₹25,999",15% off,4.3,"11,515 Ratings & 976 Reviews",8 GB RAM | 256 GB ROM | Expandable Upto 2 TB16.94 cm (6.67 inch) Full HD+ Display50MP + 8MP + 2MP | 16MP Front Camera5000 mAh BatteryDimensity 7050 Processor1 Year Manufacturer Warranty for Device and 6 Months Manufacturer Warranty for Inbox Accessories
201,"SAMSUNG Galaxy S23 FE (Purple, 256 GB)","₹49,999","₹84,999",41% off,4.3,"9,896 Ratings & 649 Reviews",8 GB RAM | 256 GB ROM16.26 cm (6.4 inch) Full HD+ Display50MP + 12MP | 10MP Front Camera4500 mAh BatterySamsung Exynos 2200 Processor1 Year Manufacturer Warranty for Device and 6 Months for In-Box Accessories
202,"POCO X6 5G (Snowstorm White, 256 GB)","₹18,999","₹24,999",24% off,4.2,"12,165 Ratings & 1,466 Reviews",8 GB RAM | 256 GB ROM16.94 cm (6.67 inch) Display64MP + 8MP + 2MP | 16MP Front Camera5100 mAh Battery7s Gen 2 Mobile Platform 5G Processor1 Year Manufacturer Warranty for Phone and 6 Months Warranty for In the Box Accessories
203,"Infinix SMART 8 HD (Shiny Gold, 64 GB)","₹6,999","₹8,999",22% off,4.3,744 Ratings & 25 Reviews,4 GB RAM | 64 GB ROM | Expandable Upto 2 TB16.76 cm (6.6 inch) HD+ Display13MP + AI Lens | 8MP Front Camera5000 mAh BatteryT606 Processor1 Year on Handset and 6 Months on Accessories
204,"CMF by Nothing Phone 1 (Black, 128 GB)","₹17,999","₹21,999",18% off,4.3,"1,733 Ratings & 133 Reviews",8 GB RAM | 128 GB ROM | Expandable Upto 2 TB16.94 cm (6.67 inch) Full HD+ Display50MP + 2MP | 16MP Front Camera5000 mAh BatteryDimensity 7300 5G Processor1 Year Manufacturing Warranty
205,"Infinix GT 20 Pro (Mecha Blue, 256 GB)","₹25,999","₹34,999",25% off,4.3,"1,862 Ratings & 127 Reviews",12 GB RAM | 256 GB ROM17.22 cm (6.78 inch) Full HD+ Display108MP (OIS) + 2MP + 2MP | 32MP Front Camera5000 mAh BatteryDimensity 8200 Ultimate Processor1 Year Warranty
206,"realme 12+ 5G (Navigator Beige, 128 GB)","₹20,999","₹23,999",12% off,4.3,"11,515 Ratings & 976 Reviews",8 GB RAM | 128 GB ROM | Expandable Upto 2 TB16.94 cm (6.67 inch) Full HD+ Display50MP + 8MP + 2MP | 16MP Front Camera5000 mAh BatteryDimensity 7050 Processor1 Year Manufacturer Warranty for Device and 6 Months Manufacturer Warranty for Inbox Accessories
207,"Apple iPhone 15 Plus (Blue, 128 GB)","₹81,999","₹89,900",8% off,4.6,"7,375 Ratings & 618 Reviews","128 GB ROM17.02 cm (6.7 inch) Super Retina XDR Display48MP + 12MP | 12MP Front CameraA16 Bionic Chip, 6 Core Processor Processor1 Year Warranty for Phone and 6 Months Warranty for In-Box Accessories"
208,"SAMSUNG Galaxy F15 5G (Ash Black, 128 GB)","₹12,999","₹15,999",18% off,4.2,"7,780 Ratings & 674 Reviews",4 GB RAM | 128 GB ROM | Expandable Upto 1 TB16.51 cm (6.5 inch) Full HD+ Display50MP + 5MP + 2MP | 13MP Front Camera6000 mAh Lithium ion BatteryMediaTek Dimensity 6100+ Processor1 Year Manufacturer Warranty for Device and 6 Months Manufacturer Warranty for In-Box Accessories
209,itel it5330 | 2.8 inch Big Display | 1900 mAh Battery | Kingvoice,"₹1,449","₹1,799",19% off,4,"2,069 Ratings & 106 Reviews",32 MB RAM | 32 MB ROM | Expandable Upto 32 GB7.11 cm (2.8 inch) Quarter QVGA Display0.8MP + 0MP | 0MP Front Camera1900 mAh BatteryUnisoc Processor12+1 month manufacturer warranty
210,"REDMI Note 13 Pro 5G (Coral Purple, 256 GB)","₹24,490","₹32,999",25% off,4.2,"2,365 Ratings & 218 Reviews",12 GB RAM | 256 GB ROM16.94 cm (6.67 inch) Display200MP (OIS) + 8MP + 2MP | 16MP Front Camera5100 mAh Battery7s Gen 2 Mobile Platform 5G Processor1 Year Manufacturer Warranty for Phone and 6 Months Warranty for In the Box Accessories
211,Jio V2 Keypad Phone (UPI) Locked,"₹1,199","₹1,999",40% off,3.6,"1,478 Ratings & 80 Reviews",20 MB RAM | 20 MB ROM4.5 cm (1.77 inch) Display0.3MP Rear Camera1000 mAh Battery1 Year Manufacturer Warranty
212,"POCO X6 5G (Mirror Black, 256 GB)","₹18,999","₹24,999",24% off,4.2,"12,165 Ratings & 1,466 Reviews",8 GB RAM | 256 GB ROM16.94 cm (6.67 inch) Display64MP + 8MP + 2MP | 16MP Front Camera5100 mAh Battery7s Gen 2 Mobile Platform 5G Processor1 Year Manufacturer Warranty for Phone and 6 Months Warranty for In the Box Accessories
213,"POCO M6 5G - Locked with Airtel Prepaid (Galactic Black, 128 GB)","₹8,249","₹12,999",36% off,4.1,"34,327 Ratings & 1,900 Reviews",4 GB RAM | 128 GB ROM | Expandable Upto 1 TB17.12 cm (6.74 inch) HD+ Display50MP Rear Camera | 5MP Front Camera5000 mAh BatteryMediatek Dimensity 6100+ Processor1 Year Manufacturer Warranty for Phone and 6 Months Warranty for In the Box Accessories
214,"SAMSUNG Galaxy F15 5G (Groovy Violet, 128 GB)","₹12,999","₹15,999",18% off,4.2,"7,780 Ratings & 674 Reviews",4 GB RAM | 128 GB ROM | Expandable Upto 1 TB16.51 cm (6.5 inch) Full HD+ Display50MP + 5MP + 2MP | 13MP Front Camera6000 mAh Lithium ion BatteryMediaTek Dimensity 6100+ Processor1 Year Manufacturer Warranty for Device and 6 Months Manufacturer Warranty for In-Box Accessories
215,Kechaoda A26,₹999,"₹1,399",28% off,4,"22,131 Ratings & 1,373 Reviews",32 MB RAM | 32 MB ROM | Expandable Upto 16 GB1.68 cm (0.66 inch) QVGA Display0MP | 0MP Front Camera800 mAh BatteryNA ProcessorNO WARRANTY
216,"Infinix SMART 8 HD (Shiny Gold, 64 GB)","₹6,999","₹8,999",22% off,4.3,744 Ratings & 25 Reviews,4 GB RAM | 64 GB ROM | Expandable Upto 2 TB16.76 cm (6.6 inch) HD+ Display13MP + AI Lens | 8MP Front Camera5000 mAh BatteryT606 Processor1 Year on Handset and 6 Months on Accessories
217,"Infinix SMART 8 HD (Timber Black, 64 GB)","₹6,999","₹8,999",22% off,4.3,744 Ratings & 25 Reviews,4 GB RAM | 64 GB ROM | Expandable Upto 2 TB16.76 cm (6.6 inch) HD+ Display13MP + AI Lens | 8MP Front Camera5000 mAh BatteryT606 Processor1 Year on Handset and 6 Months on Accessories
218,"Infinix SMART 8 HD (Crystal Green, 64 GB)","₹6,999","₹8,999",22% off,4.3,744 Ratings & 25 Reviews,4 GB RAM | 64 GB ROM | Expandable Upto 2 TB16.76 cm (6.6 inch) HD+ Display13MP + AI Lens | 8MP Front Camera5000 mAh BatteryT606 Processor1 Year on Handset and 6 Months on Accessories
219,"Nothing Phone (2a) 5G (Black, 256 GB)","₹27,999","₹29,999",6% off,4.4,"5,852 Ratings & 575 Reviews",12 GB RAM | 256 GB ROM17.02 cm (6.7 inch) Full HD+ Display50MP (OIS) + 50MP | 32MP Front Camera5000 mAh BatteryDimensity 7200 Pro Processor1 Year Manufacturing Warranty
220,"Nothing Phone (2a) 5G (White, 256 GB)","₹27,999","₹29,999",6% off,4.4,"5,852 Ratings & 575 Reviews",12 GB RAM | 256 GB ROM17.02 cm (6.7 inch) Full HD+ Display50MP (OIS) + 50MP | 32MP Front Camera5000 mAh BatteryDimensity 7200 Pro Processor1 Year Manufacturing Warranty
221,"POCO X6 5G (Mirror Black, 256 GB)","₹18,999","₹24,999",24% off,4.2,"12,165 Ratings & 1,466 Reviews",8 GB RAM | 256 GB ROM16.94 cm (6.67 inch) Display64MP + 8MP + 2MP | 16MP Front Camera5100 mAh Battery7s Gen 2 Mobile Platform 5G Processor1 Year Manufacturer Warranty for Phone and 6 Months Warranty for In the Box Accessories
222,"Nothing Phone (2a) 5G (White, 256 GB)","₹25,999","₹27,999",7% off,4.4,"38,918 Ratings & 3,989 Reviews",8 GB RAM | 256 GB ROM17.02 cm (6.7 inch) Full HD+ Display50MP (OIS) + 50MP | 32MP Front Camera5000 mAh BatteryDimensity 7200 Pro Processor1 Year Manufacturing Warranty
223,"Infinix GT 20 Pro (Mecha Blue, 256 GB)","₹23,999","₹31,999",25% off,4.3,"2,562 Ratings & 188 Reviews",8 GB RAM | 256 GB ROM17.22 cm (6.78 inch) Full HD+ Display108MP (OIS) + 2MP + 2MP | 32MP Front Camera5000 mAh BatteryDimensity 8200 Ultimate Processor1 Year Warranty
224,"Nothing Phone (2a) 5G (Black, 256 GB)","₹25,999","₹27,999",7% off,4.4,"38,918 Ratings & 3,989 Reviews",8 GB RAM | 256 GB ROM17.02 cm (6.7 inch) Full HD+ Display50MP (OIS) + 50MP | 32MP Front Camera5000 mAh BatteryDimensity 7200 Pro Processor1 Year Manufacturing Warranty
225,"REDMI 13C 5G (Startrail Silver, 128 GB)","₹11,999","₹15,999",25% off,4.2,"8,518 Ratings & 387 Reviews",6 GB RAM | 128 GB ROM | Expandable Upto 1 TB17.12 cm (6.74 inch) HD+ Display50MP Rear Camera | 5MP Front Camera5000 mAh BatteryMediatek Dimensity 6100+ Processor1 Year Manufacturer Warranty for Phone and 6 Months Warranty for In the Box Accessories
226,"Infinix GT 20 Pro (Mecha Silver, 256 GB)","₹25,999","₹34,999",25% off,4.3,"1,862 Ratings & 127 Reviews",12 GB RAM | 256 GB ROM17.22 cm (6.78 inch) Full HD+ Display108MP (OIS) + 2MP + 2MP | 32MP Front Camera5000 mAh BatteryDimensity 8200 Ultimate Processor1 Year Warranty
227,"Nothing Phone (2a) 5G (White, 128 GB)","₹23,999","₹25,999",7% off,4.4,"38,918 Ratings & 3,989 Reviews",8 GB RAM | 128 GB ROM17.02 cm (6.7 inch) Full HD+ Display50MP (OIS) + 50MP | 32MP Front Camera5000 mAh BatteryDimensity 7200 Pro Processor1 Year Manufacturing Warranty
228,"Nothing Phone (2a) 5G (Black, 128 GB)","₹23,999","₹25,999",7% off,4.4,"38,918 Ratings & 3,989 Reviews",8 GB RAM | 128 GB ROM17.02 cm (6.7 inch) Full HD+ Display50MP (OIS) + 50MP | 32MP Front Camera5000 mAh BatteryDimensity 7200 Pro Processor1 Year Manufacturing Warranty
229,"REDMI 13C 5G (Startrail Green, 128 GB)","₹11,999","₹15,999",25% off,4.2,"8,518 Ratings & 387 Reviews",6 GB RAM | 128 GB ROM | Expandable Upto 1 TB17.12 cm (6.74 inch) HD+ Display50MP Rear Camera | 5MP Front Camera5000 mAh BatteryMediatek Dimensity 6100+ Processor1 Year Manufacturer Warranty for Phone and 6 Months Warranty for In the Box Accessories
230,"REDMI 13C 5G (Startrail Green, 256 GB)","₹13,999","₹17,999",22% off,4.2,"3,813 Ratings & 187 Reviews",8 GB RAM | 256 GB ROM | Expandable Upto 1 TB17.12 cm (6.74 inch) HD+ Display50MP Rear Camera | 5MP Front Camera5000 mAh BatteryMediatek Dimensity 6100+ Processor1 Year Manufacturer Warranty for Phone and 6 Months Warranty for In the Box Accessories
231,"IQOO z9x (Tornado Green, 128 GB)","₹14,539","₹18,999",23% off,4.3,"1,000 Ratings & 35 Reviews",6 GB RAM | 128 GB ROM | Expandable Upto 1 TB17.07 cm (6.72 inch) Full HD+ Display50MP + 2MP | 8MP Front Camera6000 mAh BatteryQualcomm SM6450 Snapdragon 6 Gen 1 Processor1 Year on Handset and 6 Months on Accessories
232,"Nothing Phone (2a) 5G (Blue, 256 GB)","₹27,999","₹29,999",6% off,4.4,"5,852 Ratings & 575 Reviews",12 GB RAM | 256 GB ROM17.02 cm (6.7 inch) Full HD+ Display50MP (OIS) + 50MP | 32MP Front Camera5000 mAh BatteryDimensity 7200 Pro Processor1 Year Manufacturing Warranty
233,Nokia 150,"₹2,649","₹3,199",17% off,4.1,"11,634 Ratings & 1,046 Reviews",4 MB RAM | 4 MB ROM6.1 cm (2.4 inch) Display0.3MP Rear Camera | 0MP Front Camera1450 mAh Battery6261D Processor1 Year Replacement Warranty for Device and 6 Months Manufacturer Warranty for Inbox Accessories Including Battery from the Date of Purchase
234,"REDMI 13C 5G (Starlight Black, 256 GB)","₹13,999","₹17,999",22% off,4.2,"3,813 Ratings & 187 Reviews",8 GB RAM | 256 GB ROM | Expandable Upto 1 TB17.12 cm (6.74 inch) HD+ Display50MP Rear Camera | 5MP Front Camera5000 mAh BatteryMediatek Dimensity 6100+ Processor1 Year Manufacturer Warranty for Phone and 6 Months Warranty for In the Box Accessories
235,"realme C53 (Champion Black, 64 GB)","₹10,999","₹12,999",15% off,4.4,"1,28,193 Ratings & 5,814 Reviews",6 GB RAM | 64 GB ROM | Expandable Upto 2 TB17.12 cm (6.74 inch) HD Display108MP + 2MP | 8MP Front Camera5000 mAh BatteryT612 Processor1 Year Manufacturer Warranty for Phone and 6 Months Warranty for In the Box Accessories
236,"Google Pixel 7 (Snow, 128 GB)","₹34,999","₹59,999",41% off,4.3,"14,834 Ratings & 1,769 Reviews",8 GB RAM | 128 GB ROM16.0 cm (6.3 inch) Full HD+ Display50MP + 12MP | 10.8MP Front Camera4270 mAh BatteryGoogle Tensor G2 ProcessorNA
237,"REDMI 13c 5G (Startrail Green, 128 GB)","₹10,278","₹13,999",26% off,4.3,"11,970 Ratings & 389 Reviews",4 GB RAM | 128 GB ROM17.12 cm (6.74 inch) Display50MP Rear Camera5000 mAh Battery1 Year
238,"Infinix GT 20 Pro (Mecha Silver, 256 GB)","₹23,999","₹31,999",25% off,4.3,"2,562 Ratings & 188 Reviews",8 GB RAM | 256 GB ROM17.22 cm (6.78 inch) Full HD+ Display108MP (OIS) + 2MP + 2MP | 32MP Front Camera5000 mAh BatteryDimensity 8200 Ultimate Processor1 Year Warranty
239,"Infinix GT 20 Pro (Mecha Orange, 256 GB)","₹23,999","₹31,999",25% off,4.3,"2,562 Ratings & 188 Reviews",8 GB RAM | 256 GB ROM17.22 cm (6.78 inch) Full HD+ Display108MP (OIS) + 2MP + 2MP | 32MP Front Camera5000 mAh BatteryDimensity 8200 Ultimate Processor1 Year Warranty
